cod_variedad,cod_articulo,cod_subclase,cod_clase,cod_subgrupo,cod_grupo
1,11111,1111,111,11,1
2,11111,1111,111,11,1
3,11111,1111,111,11,1
4,11113,1111,111,11,1
5,11111,1111,111,11,1
6,11111,1111,111,11,1
7,11111,1111,111,11,1
8,11111,1111,111,11,1
9,11111,1111,111,11,1
10,11111,1111,111,11,1
11,11111,,,,
12,11111,1111,111,11,1
13,11111,1111,111,11,1
14,11111,1111,111,11,1
15,11111,1111,111,11,1
17,11112,1111,111,11,1
18,11112,1111,111,11,1
19,11112,1111,111,11,1
20,11112,1111,111,11,1
21,11112,1111,111,11,1
22,11112,1111,111,11,1
23,11112,1111,111,11,1
24,11112,1111,111,11,1
26,11113,,,,
29,11113,1111,111,11,1
32,11113,1111,111,11,1
34,11113,,,,
35,11113,1111,111,11,1
38,11113,1111,111,11,1
40,111121,11112,1111,111,11
41,11132,1113,111,11,1
43,11113,1111,111,11,1
44,11113,1111,111,11,1
46,11113,1111,111,11,1
47,11113,1111,111,11,1
48,11113,1111,111,11,1
49,11113,1111,111,11,1
51,11113,1111,111,11,1
52,11113,1111,111,11,1
53,11113,1111,111,11,1
56,11121,1112,111,11,1
57,11121,1112,111,11,1
58,11121,1112,111,11,1
59,11121,1112,111,11,1
60,11121,1112,111,11,1
61,11121,1112,111,11,1
62,11121,1112,111,11,1
63,11121,,,,
65,11131,1113,111,11,1
66,11131,1113,111,11,1
67,11131,1113,111,11,1
69,11131,1113,111,11,1
71,11132,1113,111,11,1
72,11132,1113,111,11,1
73,11132,1113,111,11,1
74,11132,1113,111,11,1
75,11132,1113,111,11,1
76,11132,1113,111,11,1
77,11132,1113,111,11,1
78,11132,1113,111,11,1
79,11132,1113,111,11,1
80,11132,1113,111,11,1
81,11132,1113,111,11,1
82,11132,1113,111,11,1
83,11132,1113,111,11,1
84,11132,1113,111,11,1
86,11141,1114,111,11,1
87,11141,1114,111,11,1
88,11141,1114,111,11,1
89,11141,1114,111,11,1
90,11141,1114,111,11,1
91,11141,,,,
92,11141,1114,111,11,1
94,11211,1121,112,11,1
95,11211,1121,112,11,1
96,11211,1121,112,11,1
97,11211,1121,112,11,1
98,11211,1121,112,11,1
99,11211,1121,112,11,1
100,11211,1121,112,11,1
101,11211,1121,112,11,1
103,11211,,,,
104,11211,1121,112,11,1
105,11211,1121,112,11,1
106,11241,1124,112,11,1
107,11211,1121,112,11,1
108,11211,1121,112,11,1
110,11212,1121,112,11,1
111,11212,1121,112,11,1
112,11212,1121,112,11,1
113,11212,1121,112,11,1
114,11212,1121,112,11,1
115,11212,1121,112,11,1
116,11212,1121,112,11,1
117,11212,1121,112,11,1
118,11212,1121,112,11,1
119,11212,1121,112,11,1
120,11212,1121,112,11,1
121,11242,1124,112,11,1
122,11242,1124,112,11,1
123,11212,1121,112,11,1
124,11213,,,,
125,11213,1121,112,11,1
126,11213,1121,112,11,1
127,11213,1121,112,11,1
128,11213,1121,112,11,1
129,11213,1121,112,11,1
130,11213,1121,112,11,1
131,11213,1121,112,11,1
132,11213,1121,112,11,1
133,11213,1121,112,11,1
134,11213,1121,112,11,1
135,11243,1124,112,11,1
137,11214,1121,112,11,1
138,11214,,,,
140,11241,1124,112,11,1
141,11241,1124,112,11,1
142,11241,1124,112,11,1
143,11241,1124,112,11,1
145,11241,1124,112,11,1
146,11243,1124,112,11,1
147,11241,1124,112,11,1
149,11243,1124,112,11,1
151,11243,1124,112,11,1
152,11222,,,,
154,11221,1122,112,11,1
157,11221,1122,112,11,1
158,11221,1122,112,11,1
159,11221,1122,112,11,1
160,11221,1122,112,11,1
161,11221,1122,112,11,1
162,11221,1122,112,11,1
164,11222,1122,112,11,1
165,11222,1122,112,11,1
166,11222,1122,112,11,1
167,11222,1122,112,11,1
169,11222,1122,112,11,1
170,11222,1122,112,11,1
171,11222,1122,112,11,1
172,11222,1122,112,11,1
173,11222,1122,112,11,1
174,11222,1122,112,11,1
175,11222,1122,112,11,1
176,11222,1122,112,11,1
177,11222,1122,112,11,1
178,11222,1122,112,11,1
179,11222,1122,112,11,1
180,11222,,,,
181,11222,1122,112,11,1
182,11222,1122,112,11,1
183,11222,1122,112,11,1
184,11222,1122,112,11,1
185,11222,1122,112,11,1
186,11222,1122,112,11,1
187,11222,1122,112,11,1
189,11222,1122,112,11,1
192,11243,1124,112,11,1
193,11241,1124,112,11,1
194,11243,1124,112,11,1
195,11231,1123,112,11,1
196,11231,1123,112,11,1
197,11231,1123,112,11,1
198,11231,,,,
199,11231,1123,112,11,1
200,11311,1131,113,11,1
201,11311,1131,113,11,1
202,11311,1131,113,11,1
203,11311,1131,113,11,1
204,11311,1131,113,11,1
205,11311,1131,113,11,1
206,11311,1131,113,11,1
207,11311,1131,113,11,1
208,11311,1131,113,11,1
209,11311,1131,113,11,1
210,11311,1131,113,11,1
211,11311,1131,113,11,1
212,11311,1131,113,11,1
213,11311,1131,113,11,1
214,11311,1131,113,11,1
215,11311,1131,113,11,1
216,11311,1131,113,11,1
220,11311,1131,113,11,1
221,11311,1131,113,11,1
222,11311,1131,113,11,1
223,11311,1131,113,11,1
224,11311,1131,113,11,1
225,11311,1131,113,11,1
226,11311,,,,
227,11311,1131,113,11,1
228,11321,1132,113,11,1
231,11321,1132,113,11,1
232,11321,1132,113,11,1
233,11321,1132,113,11,1
234,11321,1132,113,11,1
235,11321,1132,113,11,1
236,11321,1132,113,11,1
237,11321,1132,113,11,1
239,11321,1132,113,11,1
242,11411,1141,114,11,1
243,11411,1141,114,11,1
245,11411,1141,114,11,1
247,11411,1141,114,11,1
251,11421,1142,114,11,1
252,11421,1142,114,11,1
253,11421,1142,114,11,1
254,11421,1142,114,11,1
255,11421,1142,114,11,1
256,11421,1142,114,11,1
257,11421,1142,114,11,1
259,11421,1142,114,11,1
260,11431,1143,114,11,1
261,11431,1143,114,11,1
262,11431,1143,114,11,1
263,11431,1143,114,11,1
264,11431,1143,114,11,1
265,11431,1143,114,11,1
266,11431,1143,114,11,1
267,11431,1143,114,11,1
268,11431,1143,114,11,1
269,11431,1143,114,11,1
270,11431,,,,
271,11431,,,,
272,11431,1143,114,11,1
275,11441,1144,114,11,1
276,11441,1144,114,11,1
277,11441,1144,114,11,1
278,11441,1144,114,11,1
280,11451,1145,114,11,1
281,11451,1145,114,11,1
282,11451,1145,114,11,1
283,11451,1145,114,11,1
286,11451,,,,
287,11461,1146,114,11,1
288,11461,1146,114,11,1
289,11461,1146,114,11,1
290,11461,1146,114,11,1
291,11461,,,,
293,11511,1151,115,11,1
294,11511,1151,115,11,1
295,11511,1151,115,11,1
296,11511,1151,115,11,1
297,11511,1151,115,11,1
298,11511,,,,
299,11511,1151,115,11,1
300,11511,1151,115,11,1
301,11511,,,,
303,11521,1152,115,11,1
304,11521,1152,115,11,1
306,11521,1152,115,11,1
307,11521,1152,115,11,1
308,11522,1152,115,11,1
309,11522,1152,115,11,1
311,11611,1161,116,11,1
312,11611,1161,116,11,1
313,11611,1161,116,11,1
314,11611,1161,116,11,1
315,11611,1161,116,11,1
316,11611,1161,116,11,1
317,11611,1161,116,11,1
318,11611,1161,116,11,1
319,11611,1161,116,11,1
320,11611,1161,116,11,1
321,11611,1161,116,11,1
322,11611,1161,116,11,1
323,11611,1161,116,11,1
324,11611,1161,116,11,1
325,11611,1161,116,11,1
326,11611,1161,116,11,1
327,11611,1161,116,11,1
328,11611,1161,116,11,1
329,11611,1161,116,11,1
330,11611,1161,116,11,1
331,11611,1161,116,11,1
332,11611,1161,116,11,1
334,11611,1161,116,11,1
335,11611,1161,116,11,1
336,11611,1161,116,11,1
337,11611,1161,116,11,1
339,11611,1161,116,11,1
340,11611,1161,116,11,1
341,11611,1161,116,11,1
342,11611,1161,116,11,1
343,11611,,,,
344,11611,1161,116,11,1
345,11611,1161,116,11,1
346,11611,1161,116,11,1
347,11611,1161,116,11,1
348,11611,1161,116,11,1
349,11611,,,,
350,11611,1161,116,11,1
351,11611,1161,116,11,1
352,11611,1161,116,11,1
353,11611,1161,116,11,1
355,11621,1162,116,11,1
356,11621,1162,116,11,1
357,11621,,,,
359,11621,1162,116,11,1
361,11621,,,,
362,11621,,,,
363,11621,1162,116,11,1
365,11621,1162,116,11,1
366,11711,1171,117,11,1
367,11711,1171,117,11,1
368,11711,1171,117,11,1
369,11711,1171,117,11,1
370,11711,1171,117,11,1
371,11711,1171,117,11,1
372,11711,1171,117,11,1
373,11711,1171,117,11,1
374,11711,1171,117,11,1
375,11711,1171,117,11,1
376,11711,1171,117,11,1
377,11711,1171,117,11,1
378,11711,1171,117,11,1
379,11711,1171,117,11,1
380,11711,1171,117,11,1
382,11712,1171,117,11,1
383,11712,1171,117,11,1
384,11712,1171,117,11,1
385,11712,1171,117,11,1
386,11712,1171,117,11,1
388,11712,1171,117,11,1
389,11712,1171,117,11,1
390,11712,1171,117,11,1
391,11713,,,,
392,11713,1171,117,11,1
393,11713,1171,117,11,1
394,11713,1171,117,11,1
395,11713,1171,117,11,1
396,11713,1171,117,11,1
397,11713,1171,117,11,1
398,11713,1171,117,11,1
399,11713,1171,117,11,1
400,11713,1171,117,11,1
401,11713,1171,117,11,1
402,11713,1171,117,11,1
403,11713,1171,117,11,1
404,11713,1171,117,11,1
405,11713,1171,117,11,1
406,11713,1171,117,11,1
407,11713,1171,117,11,1
408,11713,1171,117,11,1
409,11713,1171,117,11,1
410,11713,1171,117,11,1
411,11713,,,,
412,11713,1171,117,11,1
413,11713,1171,117,11,1
414,11713,1171,117,11,1
415,11713,1171,117,11,1
416,11713,1171,117,11,1
417,11713,1171,117,11,1
418,11713,1171,117,11,1
419,11713,1171,117,11,1
420,11713,1171,117,11,1
422,11713,1171,117,11,1
423,11713,1171,117,11,1
425,11713,,,,
426,11713,1171,117,11,1
427,11713,1171,117,11,1
428,11713,,,,
429,11713,1171,117,11,1
430,11713,1171,117,11,1
431,11713,1171,117,11,1
432,11713,1171,117,11,1
433,11721,1172,117,11,1
434,11721,1172,117,11,1
435,11721,1172,117,11,1
436,11721,1172,117,11,1
437,11721,1172,117,11,1
438,11721,1172,117,11,1
439,11721,1172,117,11,1
440,11721,1172,117,11,1
441,11721,1172,117,11,1
442,11721,1172,117,11,1
443,11721,1172,117,11,1
445,11721,1172,117,11,1
446,11721,1172,117,11,1
447,11721,1172,117,11,1
448,11721,,,,
449,11721,1172,117,11,1
450,11721,1172,117,11,1
451,11721,1172,117,11,1
452,11713,1171,117,11,1
453,11721,1172,117,11,1
455,11731,1173,117,11,1
456,11731,1173,117,11,1
457,11731,1173,117,11,1
458,11811,1181,118,11,1
459,11811,1181,118,11,1
460,11811,,,,
461,11811,,,,
463,11812,1181,118,11,1
464,11812,1181,118,11,1
465,11821,1182,118,11,1
466,11821,1182,118,11,1
467,11821,1182,118,11,1
468,11821,1182,118,11,1
469,11821,1182,118,11,1
470,11821,1182,118,11,1
476,11821,1182,118,11,1
477,11821,1182,118,11,1
478,11821,1182,118,11,1
479,11821,1182,118,11,1
480,11113,1111,111,11,1
481,11113,1111,111,11,1
482,11451,1145,114,11,1
483,11821,1182,118,11,1
484,11821,1182,118,11,1
486,11821,,,,
487,11821,1182,118,11,1
488,11831,1183,118,11,1
489,11831,1183,118,11,1
490,11831,,,,
491,11831,1183,118,11,1
492,11831,1183,118,11,1
493,11831,1183,118,11,1
494,11831,1183,118,11,1
496,11831,1183,118,11,1
497,11831,1183,118,11,1
498,11841,1184,118,11,1
499,11841,1184,118,11,1
500,11841,1184,118,11,1
501,11841,1184,118,11,1
502,11841,1184,118,11,1
503,11841,1184,118,11,1
506,11911,1191,119,11,1
507,11911,1191,119,11,1
509,11921,1192,119,11,1
511,11921,1192,119,11,1
512,11921,1192,119,11,1
513,11921,1192,119,11,1
514,11921,1192,119,11,1
515,11921,1192,119,11,1
517,11921,,,,
518,11921,1192,119,11,1
519,11921,1192,119,11,1
520,11921,1192,119,11,1
521,11921,1192,119,11,1
522,11921,1192,119,11,1
523,11921,1192,119,11,1
524,11921,1192,119,11,1
525,11921,1192,119,11,1
526,11921,,,,
527,11921,1192,119,11,1
528,11921,1192,119,11,1
529,11921,1192,119,11,1
530,11921,1192,119,11,1
532,11921,1192,119,11,1
533,11921,,,,
534,11921,1192,119,11,1
535,11921,1192,119,11,1
536,11921,1192,119,11,1
537,11921,1192,119,11,1
538,11921,,,,
539,11713,,,,
541,11931,1193,119,11,1
542,11931,1193,119,11,1
543,11931,,,,
544,11931,1193,119,11,1
545,11932,1193,119,11,1
546,11932,1193,119,11,1
547,11932,1193,119,11,1
548,11932,1193,119,11,1
549,11932,1193,119,11,1
550,11932,,,,
551,11932,1193,119,11,1
552,11932,1193,119,11,1
553,11932,1193,119,11,1
554,11932,1193,119,11,1
555,11932,1193,119,11,1
556,11932,1193,119,11,1
557,11932,,,,
558,11921,1192,119,11,1
559,11921,1192,119,11,1
560,11921,1192,119,11,1
561,11932,1193,119,11,1
562,11932,1193,119,11,1
563,11921,1192,119,11,1
565,11932,1193,119,11,1
566,11932,1193,119,11,1
567,11932,1193,119,11,1
569,11941,1194,119,11,1
571,11941,1194,119,11,1
572,11941,,,,
573,11941,1194,119,11,1
574,11941,1194,119,11,1
575,11941,1194,119,11,1
576,11941,1194,119,11,1
577,11941,,,,
578,11941,1194,119,11,1
579,11941,1194,119,11,1
580,11941,1194,119,11,1
581,12111,1211,121,12,1
582,12111,1211,121,12,1
583,12111,,,,
586,12131,1213,121,12,1
587,12131,1213,121,12,1
588,12211,1221,122,12,1
589,12211,1221,122,12,1
590,12211,1221,122,12,1
591,12211,1221,122,12,1
592,12211,1221,122,12,1
594,12221,1222,122,12,1
595,12221,1222,122,12,1
596,12221,1222,122,12,1
597,12231,1223,122,12,1
598,12231,1223,122,12,1
599,12231,1223,122,12,1
600,12231,1223,122,12,1
601,12231,,,,
602,12231,1223,122,12,1
603,12231,1223,122,12,1
604,12231,1223,122,12,1
605,12231,1223,122,12,1
606,12231,1223,122,12,1
607,12231,,,,
608,12231,1223,122,12,1
609,12231,1223,122,12,1
610,12231,1223,122,12,1
611,12231,1223,122,12,1
612,12231,1223,122,12,1
613,12231,1223,122,12,1
614,12231,1223,122,12,1
615,12231,1223,122,12,1
616,12231,1223,122,12,1
618,12231,1223,122,12,1
619,12231,1223,122,12,1
620,12231,1223,122,12,1
622,21111,2111,211,21,2
623,21111,2111,211,21,2
624,21111,2111,211,21,2
625,21111,2111,211,21,2
626,21111,,,,
627,21111,2111,211,21,2
628,21111,2111,211,21,2
629,21111,2111,211,21,2
630,21111,,,,
631,21111,,,,
632,21111,2111,211,21,2
633,21111,,,,
634,21111,2111,211,21,2
635,21111,2111,211,21,2
636,21111,2111,211,21,2
638,21211,2121,212,21,2
639,21211,2121,212,21,2
640,21211,2121,212,21,2
641,21211,2121,212,21,2
642,21211,2121,212,21,2
643,21211,2121,212,21,2
645,21311,2131,213,21,2
646,21311,2131,213,21,2
647,21311,2131,213,21,2
648,21311,2131,213,21,2
649,21311,2131,213,21,2
650,21311,2131,213,21,2
652,22111,2211,221,22,2
653,22111,2211,221,22,2
654,22111,2211,221,22,2
655,22111,2211,221,22,2
656,22111,2211,221,22,2
657,22111,2211,221,22,2
658,22111,2211,221,22,2
660,23111,2311,231,23,2
661,31111,3111,311,31,3
662,31111,,,,
663,31111,3111,311,31,3
664,31111,3111,311,31,3
665,31111,,,,
666,31111,3111,311,31,3
667,31111,3111,311,31,3
668,31111,3111,311,31,3
669,31111,3111,311,31,3
670,31111,3111,311,31,3
671,31111,3111,311,31,3
672,31111,3111,311,31,3
673,31111,3111,311,31,3
674,31111,,,,
677,31211,3121,312,31,3
678,31211,,,,
681,31212,3121,312,31,3
682,31212,,,,
684,31212,,,,
690,31212,3121,312,31,3
691,31212,,,,
692,31221,3122,312,31,3
703,31221,3122,312,31,3
708,31221,,,,
709,31222,3122,312,31,3
720,31222,3122,312,31,3
726,31222,3122,312,31,3
727,31223,3122,312,31,3
739,31223,3122,312,31,3
744,31223,3122,312,31,3
751,31231,,,,
752,31231,3123,312,31,3
753,31231,,,,
773,31232,,,,
779,31241,,,,
780,31251,3125,312,31,3
781,31251,3125,312,31,3
782,31251,3125,312,31,3
783,31251,3125,312,31,3
784,31251,3125,312,31,3
786,31251,3125,312,31,3
787,31251,3125,312,31,3
788,31251,3125,312,31,3
789,31251,,,,
790,31251,3125,312,31,3
791,31251,3125,312,31,3
792,31251,3125,312,31,3
793,31251,3125,312,31,3
794,31251,3125,312,31,3
795,31251,3125,312,31,3
796,31251,3125,312,31,3
797,31251,,,,
805,31261,,,,
810,31262,,,,
811,31262,3126,312,31,3
812,31262,,,,
813,31262,3126,312,31,3
821,31262,3126,312,31,3
822,31262,,,,
823,31271,3127,312,31,3
828,31271,3127,312,31,3
838,31281,,,,
848,31291,3129,312,31,3
849,31291,3129,312,31,3
850,31291,3129,312,31,3
851,31291,3129,312,31,3
852,31291,3129,312,31,3
853,31291,3129,312,31,3
854,31291,,,,
855,31311,3131,313,31,3
856,31291,,,,
857,31311,3131,313,31,3
858,123211,12321,1232,123,12
859,31321,3132,313,31,3
860,31321,3132,313,31,3
861,31321,3132,313,31,3
862,32141,,,,
863,31321,3132,313,31,3
864,31321,3132,313,31,3
865,31321,3132,313,31,3
866,31311,3131,313,31,3
867,31311,3131,313,31,3
868,31311,3131,313,31,3
869,31311,3131,313,31,3
870,31311,3131,313,31,3
871,31311,3131,313,31,3
872,31311,3131,313,31,3
873,31311,3131,313,31,3
874,31311,3131,313,31,3
875,31311,,,,
876,31311,,,,
877,31411,3141,314,31,3
878,31411,3141,314,31,3
879,31411,3141,314,31,3
880,31411,3141,314,31,3
881,31411,3141,314,31,3
882,31411,3141,314,31,3
883,31411,3141,314,31,3
884,31411,,,,
885,31421,3142,314,31,3
886,31421,3142,314,31,3
887,31421,,,,
889,32111,3211,321,32,3
890,32111,3211,321,32,3
891,32111,3211,321,32,3
892,32111,3211,321,32,3
893,32111,3211,321,32,3
894,32111,,,,
895,32112,3211,321,32,3
896,32112,3211,321,32,3
897,32112,3211,321,32,3
898,32112,3211,321,32,3
899,32112,,,,
900,32131,,,,
901,32112,,,,
902,32121,3212,321,32,3
903,32121,3212,321,32,3
904,32121,3212,321,32,3
908,32131,,,,
909,32131,,,,
910,32131,,,,
911,32131,,,,
912,32131,,,,
913,32131,,,,
914,32131,,,,
915,32131,,,,
916,32131,3213,321,32,3
917,32131,,,,
918,32131,,,,
919,32211,3221,322,32,3
921,32211,,,,
922,32221,3222,322,32,3
923,32231,,,,
924,41111,4111,411,41,4
926,41111,4111,411,41,4
927,41111,4111,411,41,4
928,41111,,,,
931,43111,,,,
932,43111,,,,
934,43111,4311,431,43,4
935,43111,4311,431,43,4
937,43111,4311,431,43,4
938,43111,,,,
939,43111,4311,431,43,4
942,43111,4311,431,43,4
943,43111,4311,431,43,4
944,55211,5521,552,55,5
945,43111,4311,431,43,4
946,43111,4311,431,43,4
947,43111,,,,
948,43111,4311,431,43,4
949,55211,5521,552,55,5
950,43111,,,,
951,43111,,,,
952,43111,,,,
953,55211,5521,552,55,5
954,43111,4311,431,43,4
955,43111,4311,431,43,4
956,43111,4311,431,43,4
957,43111,4311,431,43,4
958,43111,4311,431,43,4
959,43111,,,,
960,43111,4311,431,43,4
961,43111,4311,431,43,4
963,43111,4311,431,43,4
964,43111,,,,
965,43111,,,,
966,43111,,,,
968,43211,4321,432,43,4
970,43211,4321,432,43,4
971,43211,4321,432,43,4
972,43211,,,,
974,43211,4321,432,43,4
976,43211,4321,432,43,4
977,43211,4321,432,43,4
978,43211,4321,432,43,4
980,43211,4321,432,43,4
981,55222,5522,552,55,5
982,55100,5510,551,55,5
983,53311,5331,533,53,5
984,55211,5521,552,55,5
985,43211,4321,432,43,4
986,43211,,,,
987,44111,4411,441,44,4
988,44111,4411,441,44,4
989,44111,4411,441,44,4
990,44111,,,,
991,44211,4421,442,44,4
993,44211,,,,
994,44311,4431,443,44,4
995,44411,4441,444,44,4
996,44411,4441,444,44,4
997,44411,4441,444,44,4
998,45111,4511,451,45,4
999,45111,4511,451,45,4
1000,45111,4511,451,45,4
1001,45211,4521,452,45,4
1002,45211,4521,452,45,4
1003,45211,,,,
1004,45311,4531,453,45,4
1005,45311,4531,453,45,4
1006,45311,,,,
1007,45411,4541,454,45,4
1008,45411,4541,454,45,4
1009,45411,4541,454,45,4
1010,45411,,,,
1011,51111,5111,511,51,5
1012,51111,5111,511,51,5
1013,51111,5111,511,51,5
1014,51111,5111,511,51,5
1015,51111,5111,511,51,5
1016,51111,5111,511,51,5
1017,51111,5111,511,51,5
1018,51111,5111,511,51,5
1019,51111,5111,511,51,5
1020,51111,5111,511,51,5
1021,51111,,,,
1022,51111,5111,511,51,5
1023,51111,5111,511,51,5
1024,51111,,,,
1025,51111,5111,511,51,5
1026,51111,5111,511,51,5
1027,51111,5111,511,51,5
1028,51111,5111,511,51,5
1029,51111,5111,511,51,5
1030,51111,,,,
1031,51111,,,,
1032,51111,5111,511,51,5
1036,51111,5111,511,51,5
1037,51131,,,,
1038,51111,,,,
1039,51121,5112,511,51,5
1040,51121,5112,511,51,5
1041,51121,5112,511,51,5
1042,51121,5112,511,51,5
1043,51121,5112,511,51,5
1044,51131,5113,511,51,5
1045,51121,5112,511,51,5
1046,51121,5112,511,51,5
1047,51121,,,,
1049,51132,5113,511,51,5
1050,51132,5113,511,51,5
1051,51132,5113,511,51,5
1052,51132,5113,511,51,5
1053,51132,,,,
1054,51141,5114,511,51,5
1055,51141,5114,511,51,5
1056,51141,5114,511,51,5
1057,51141,5114,511,51,5
1058,51141,,,,
1059,51141,5114,511,51,5
1060,51141,,,,
1061,51141,,,,
1062,51141,5114,511,51,5
1063,123211,12321,1232,123,12
1064,51141,5114,511,51,5
1065,51141,,,,
1066,51141,,,,
1067,51211,,,,
1068,51211,5121,512,51,5
1069,51211,,,,
1070,51311,5131,513,51,5
1071,51311,,,,
1072,51311,,,,
1074,51311,5131,513,51,5
1076,51311,,,,
1077,52111,5211,521,52,5
1078,52111,5211,521,52,5
1079,52111,5211,521,52,5
1080,52111,5211,521,52,5
1081,52111,5211,521,52,5
1082,52111,5211,521,52,5
1083,52111,5211,521,52,5
1084,52111,5211,521,52,5
1085,52111,5211,521,52,5
1086,52111,5211,521,52,5
1087,52121,,,,
1088,52121,5212,521,52,5
1089,52121,5212,521,52,5
1091,52121,5212,521,52,5
1092,52121,5212,521,52,5
1093,52121,,,,
1095,52121,,,,
1096,51121,5112,511,51,5
1097,53111,5311,531,53,5
1098,53111,5311,531,53,5
1099,53111,5311,531,53,5
1100,53111,5311,531,53,5
1101,53211,5321,532,53,5
1102,54111,5411,541,54,5
1103,53111,,,,
1104,53111,,,,
1105,53112,5311,531,53,5
1106,53112,5311,531,53,5
1107,53112,5311,531,53,5
1108,53112,,,,
1109,53121,5312,531,53,5
1110,53121,5312,531,53,5
1111,53121,5312,531,53,5
1112,53121,5312,531,53,5
1113,53121,5312,531,53,5
1114,53121,5312,531,53,5
1115,53121,,,,
1116,53121,,,,
1117,53131,5313,531,53,5
1118,53131,5313,531,53,5
1119,53131,5313,531,53,5
1120,53211,5321,532,53,5
1121,53211,5321,532,53,5
1122,53211,,,,
1123,53211,5321,532,53,5
1124,53211,,,,
1125,53211,,,,
1126,53211,5321,532,53,5
1127,53211,5321,532,53,5
1128,53211,5321,532,53,5
1129,53211,5321,532,53,5
1130,53211,,,,
1131,53211,5321,532,53,5
1132,53211,5321,532,53,5
1133,53211,,,,
1135,53311,5331,533,53,5
1136,53311,5331,533,53,5
1137,53311,5331,533,53,5
1138,53311,5331,533,53,5
1139,53311,5331,533,53,5
1141,53311,,,,
1142,54111,,,,
1143,54111,5411,541,54,5
1145,54111,5411,541,54,5
1146,54111,5411,541,54,5
1147,54111,5411,541,54,5
1148,54111,5411,541,54,5
1149,54111,5411,541,54,5
1150,54111,5411,541,54,5
1151,54111,5411,541,54,5
1152,54111,5411,541,54,5
1153,54111,5411,541,54,5
1154,54111,5411,541,54,5
1155,54111,,,,
1156,54111,5411,541,54,5
1157,54111,5411,541,54,5
1158,54111,5411,541,54,5
1159,54111,5411,541,54,5
1160,54111,5411,541,54,5
1161,54111,5411,541,54,5
1162,54111,5411,541,54,5
1163,54111,,,,
1164,54111,5411,541,54,5
1165,54111,5411,541,54,5
1166,54111,5411,541,54,5
1167,54111,5411,541,54,5
1168,54111,,,,
1169,54111,5411,541,54,5
1170,54111,5411,541,54,5
1171,54111,5411,541,54,5
1172,54111,5411,541,54,5
1173,54111,,,,
1174,54111,5411,541,54,5
1175,54111,,,,
1176,54111,5411,541,54,5
1177,54111,5411,541,54,5
1178,54121,5412,541,54,5
1179,54121,5412,541,54,5
1180,54121,5412,541,54,5
1181,54121,5412,541,54,5
1182,54121,5412,541,54,5
1183,54121,5412,541,54,5
1184,54121,5412,541,54,5
1185,54121,,,,
1186,54121,5412,541,54,5
1187,54121,5412,541,54,5
1188,54121,5412,541,54,5
1189,54121,,,,
1190,54121,,,,
1191,54121,5412,541,54,5
1192,54121,5412,541,54,5
1193,54121,5412,541,54,5
1194,54121,5412,541,54,5
1195,54121,5412,541,54,5
1196,54121,5412,541,54,5
1197,54121,5412,541,54,5
1198,54121,5412,541,54,5
1199,54121,5412,541,54,5
1200,54121,,,,
1201,54131,5413,541,54,5
1202,54131,5413,541,54,5
1203,54131,5413,541,54,5
1204,54131,,,,
1205,54131,5413,541,54,5
1206,54131,5413,541,54,5
1207,54131,5413,541,54,5
1209,54131,5413,541,54,5
1210,54131,5413,541,54,5
1211,54131,5413,541,54,5
1212,54131,5413,541,54,5
1213,54131,5413,541,54,5
1214,54131,5413,541,54,5
1215,54131,5413,541,54,5
1216,54131,5413,541,54,5
1217,54131,5413,541,54,5
1218,56115,5611,561,56,5
1219,56115,5611,561,56,5
1220,54131,,,,
1222,54131,5413,541,54,5
1224,54131,5413,541,54,5
1225,54131,,,,
1226,56121,,,,
1227,54131,,,,
1228,54131,,,,
1229,54131,5413,541,54,5
1230,54131,,,,
1231,54131,,,,
1232,55100,5510,551,55,5
1233,55100,5510,551,55,5
1234,55100,5510,551,55,5
1235,55100,,,,
1236,55100,,,,
1237,55211,5521,552,55,5
1238,55211,5521,552,55,5
1239,55211,5521,552,55,5
1240,55211,5521,552,55,5
1242,55211,5521,552,55,5
1243,55211,5521,552,55,5
1244,55211,,,,
1245,55211,5521,552,55,5
1246,55211,5521,552,55,5
1247,55211,5521,552,55,5
1248,55211,5521,552,55,5
1249,55211,,,,
1250,55211,5521,552,55,5
1251,55211,,,,
1253,55221,5522,552,55,5
1254,55221,5522,552,55,5
1255,55221,5522,552,55,5
1257,55221,,,,
1258,55221,,,,
1259,55222,5522,552,55,5
1261,55222,,,,
1262,55222,,,,
1263,55222,5522,552,55,5
1264,55222,5522,552,55,5
1265,55222,5522,552,55,5
1266,56111,5611,561,56,5
1267,56111,5611,561,56,5
1268,56111,5611,561,56,5
1269,56111,5611,561,56,5
1270,56111,5611,561,56,5
1271,56111,5611,561,56,5
1272,56112,5611,561,56,5
1273,56112,5611,561,56,5
1274,56112,,,,
1275,56112,,,,
1276,56113,5611,561,56,5
1277,56113,5611,561,56,5
1278,56113,5611,561,56,5
1279,56114,5611,561,56,5
1280,56114,5611,561,56,5
1281,56114,5611,561,56,5
1282,56114,5611,561,56,5
1284,56114,5611,561,56,5
1285,56115,5611,561,56,5
1286,56115,5611,561,56,5
1287,56115,5611,561,56,5
1289,56115,5611,561,56,5
1291,56115,5611,561,56,5
1292,56115,,,,
1293,56121,5612,561,56,5
1294,56121,,,,
1295,56121,5612,561,56,5
1298,56121,,,,
1299,56121,5612,561,56,5
1301,43111,4311,431,43,4
1302,56121,5612,561,56,5
1303,56121,5612,561,56,5
1304,56121,,,,
1305,56121,5612,561,56,5
1308,56121,,,,
1310,56121,5612,561,56,5
1311,56121,5612,561,56,5
1312,56211,5621,562,56,5
1313,56211,5621,562,56,5
1314,56211,5621,562,56,5
1315,56211,5621,562,56,5
1316,56211,5621,562,56,5
1317,56211,5621,562,56,5
1318,56211,5621,562,56,5
1319,56211,5621,562,56,5
1320,56211,5621,562,56,5
1321,127111,12711,1271,127,12
1323,56211,,,,
1324,56211,,,,
1325,61111,6111,611,61,6
1326,61111,,,,
1328,61111,6111,611,61,6
1329,61111,6111,611,61,6
1331,61111,6111,611,61,6
1332,61111,6111,611,61,6
1334,61111,6111,611,61,6
1336,61111,6111,611,61,6
1338,61111,6111,611,61,6
1340,61121,6112,611,61,6
1341,61121,6112,611,61,6
1342,61121,6112,611,61,6
1343,61121,6112,611,61,6
1344,61131,6113,611,61,6
1345,61131,6113,611,61,6
1346,61131,6113,611,61,6
1347,61131,6113,611,61,6
1348,61131,6113,611,61,6
1349,61131,6113,611,61,6
1350,61131,6113,611,61,6
1351,61131,6113,611,61,6
1352,61131,6113,611,61,6
1354,61131,6113,611,61,6
1355,61131,6113,611,61,6
1356,61131,6113,611,61,6
1358,61131,6113,611,61,6
1359,61131,6113,611,61,6
1360,61131,6113,611,61,6
1361,61171,6117,611,61,6
1363,61141,6114,611,61,6
1364,61141,6114,611,61,6
1366,61141,6114,611,61,6
1369,61141,6114,611,61,6
1371,61141,6114,611,61,6
1372,61141,6114,611,61,6
1373,61141,6114,611,61,6
1374,61141,6114,611,61,6
1375,61141,,,,
1376,61151,6115,611,61,6
1377,61151,,,,
1378,61151,6115,611,61,6
1379,61151,6115,611,61,6
1380,61151,6115,611,61,6
1381,61151,6115,611,61,6
1382,61151,6115,611,61,6
1383,61151,6115,611,61,6
1384,61151,6115,611,61,6
1387,61151,6115,611,61,6
1389,61151,6115,611,61,6
1390,61151,6115,611,61,6
1392,61151,,,,
1393,61151,6115,611,61,6
1394,61161,6116,611,61,6
1395,61161,6116,611,61,6
1396,61161,,,,
1397,61161,,,,
1398,61161,,,,
1399,61161,,,,
1400,61161,6116,611,61,6
1401,61161,,,,
1402,61161,,,,
1403,61171,,,,
1404,61121,6112,611,61,6
1405,61171,,,,
1406,61171,,,,
1407,61171,,,,
1408,61171,,,,
1409,61171,6117,611,61,6
1410,61171,6117,611,61,6
1411,61171,,,,
1412,61171,,,,
1413,61171,,,,
1414,61171,,,,
1415,61171,6117,611,61,6
1416,61171,6117,611,61,6
1417,61171,,,,
1418,61161,6116,611,61,6
1419,61171,,,,
1421,61121,6112,611,61,6
1422,61171,,,,
1423,61171,,,,
1424,61171,,,,
1425,61171,,,,
1426,61171,6117,611,61,6
1427,61171,,,,
1428,61171,,,,
1429,61171,6117,611,61,6
1430,61171,,,,
1431,61171,,,,
1432,62311,6231,623,62,6
1433,61171,6117,611,61,6
1434,61171,,,,
1435,61171,,,,
1436,61171,6117,611,61,6
1437,61171,,,,
1438,61171,,,,
1439,61171,6117,611,61,6
1441,61171,,,,
1442,61171,,,,
1443,61171,,,,
1444,61171,6117,611,61,6
1445,61171,,,,
1446,61171,6117,611,61,6
1447,61171,6117,611,61,6
1448,61171,,,,
1449,61171,6117,611,61,6
1450,61171,6117,611,61,6
1451,61171,6117,611,61,6
1452,61171,,,,
1453,61171,,,,
1454,61171,,,,
1455,61171,6117,611,61,6
1456,61171,,,,
1457,61171,6117,611,61,6
1458,61171,6117,611,61,6
1459,61171,6117,611,61,6
1460,61171,6117,611,61,6
1461,61171,6117,611,61,6
1462,61171,,,,
1463,61171,6117,611,61,6
1464,61171,6117,611,61,6
1465,61171,,,,
1466,61171,,,,
1467,61171,,,,
1468,61171,,,,
1469,61171,6117,611,61,6
1470,61171,,,,
1471,61171,,,,
1472,61171,,,,
1473,61171,,,,
1474,61171,,,,
1475,61171,6117,611,61,6
1476,61171,6117,611,61,6
1477,61171,,,,
1478,61171,,,,
1479,61171,,,,
1480,61171,,,,
1481,61171,,,,
1482,61171,,,,
1483,61121,6112,611,61,6
1484,61171,,,,
1485,61171,,,,
1486,61171,,,,
1487,61171,,,,
1488,61171,6117,611,61,6
1489,61171,,,,
1490,61171,,,,
1491,61141,6114,611,61,6
1492,61171,,,,
1493,61171,,,,
1494,61171,,,,
1495,61171,,,,
1496,61171,6117,611,61,6
1497,61141,6114,611,61,6
1498,61171,,,,
1499,61121,6112,611,61,6
1500,61171,,,,
1501,61121,6112,611,61,6
1502,61171,,,,
1503,61171,,,,
1504,61171,6117,611,61,6
1505,61171,,,,
1506,61171,,,,
1507,61171,,,,
1508,61171,6117,611,61,6
1509,61171,,,,
1510,61171,,,,
1511,61171,,,,
1512,61171,,,,
1513,61171,,,,
1514,61171,6117,611,61,6
1515,61171,,,,
1516,61171,,,,
1517,61171,,,,
1518,61171,6117,611,61,6
1519,61171,6117,611,61,6
1520,61171,6117,611,61,6
1521,61171,6117,611,61,6
1522,61171,,,,
1523,61171,6117,611,61,6
1524,61171,,,,
1525,61171,,,,
1526,61171,,,,
1527,61171,,,,
1528,61171,,,,
1529,61171,,,,
1530,61211,6121,612,61,6
1531,61211,6121,612,61,6
1532,61211,6121,612,61,6
1533,61211,6121,612,61,6
1534,61211,6121,612,61,6
1535,61211,6121,612,61,6
1536,61211,6121,612,61,6
1537,61211,6121,612,61,6
1538,61211,6121,612,61,6
1539,61211,,,,
1540,61211,,,,
1541,61211,,,,
1543,61211,6121,612,61,6
1544,61211,6121,612,61,6
1545,61211,,,,
1546,61211,,,,
1547,61211,,,,
1548,61211,6121,612,61,6
1549,61211,6121,612,61,6
1551,61311,,,,
1552,61311,,,,
1553,61311,,,,
1554,61311,6131,613,61,6
1555,61311,,,,
1556,61311,6131,613,61,6
1557,61311,6131,613,61,6
1558,61311,,,,
1559,61311,6131,613,61,6
1560,61311,6131,613,61,6
1561,61311,6131,613,61,6
1562,61311,6131,613,61,6
1563,61311,,,,
1564,62111,6211,621,62,6
1565,62111,6211,621,62,6
1566,62111,6211,621,62,6
1567,62111,6211,621,62,6
1568,62111,6211,621,62,6
1569,62111,6211,621,62,6
1570,62111,6211,621,62,6
1571,62111,6211,621,62,6
1572,62111,6211,621,62,6
1573,62111,6211,621,62,6
1574,62111,,,,
1575,62111,,,,
1576,62111,,,,
1577,62311,6231,623,62,6
1578,62111,,,,
1579,62311,,,,
1580,62111,,,,
1581,62211,6221,622,62,6
1582,62211,6221,622,62,6
1583,62211,6221,622,62,6
1584,62211,6221,622,62,6
1585,62211,6221,622,62,6
1586,62211,6221,622,62,6
1587,62211,6221,622,62,6
1588,62211,6221,622,62,6
1589,62211,6221,622,62,6
1590,62311,6231,623,62,6
1591,62311,6231,623,62,6
1592,62311,6231,623,62,6
1593,62311,6231,623,62,6
1594,62311,6231,623,62,6
1595,62311,6231,623,62,6
1596,62311,,,,
1597,62311,6231,623,62,6
1598,62311,6231,623,62,6
1599,62311,6231,623,62,6
1600,62311,6231,623,62,6
1601,62311,6231,623,62,6
1602,62311,,,,
1603,62311,6231,623,62,6
1604,62311,6231,623,62,6
1605,62311,6231,623,62,6
1606,62311,6231,623,62,6
1607,62311,6231,623,62,6
1608,62311,,,,
1609,62311,6231,623,62,6
1610,62311,6231,623,62,6
1611,62311,6231,623,62,6
1612,62311,6231,623,62,6
1613,62311,,,,
1614,62311,6231,623,62,6
1616,62311,6231,623,62,6
1617,62311,6231,623,62,6
1618,62311,6231,623,62,6
1619,62311,6231,623,62,6
1620,62311,6231,623,62,6
1621,62311,6231,623,62,6
1622,62311,6231,623,62,6
1623,62311,6231,623,62,6
1624,62311,6231,623,62,6
1625,62311,6231,623,62,6
1626,62311,6231,623,62,6
1627,62311,6231,623,62,6
1628,62311,6231,623,62,6
1629,62311,6231,623,62,6
1630,62311,6231,623,62,6
1631,62311,6231,623,62,6
1632,62311,6231,623,62,6
1633,62111,6211,621,62,6
1634,62311,,,,
1635,62311,6231,623,62,6
1636,62311,,,,
1638,62311,6231,623,62,6
1639,62311,6231,623,62,6
1640,62311,6231,623,62,6
1641,62311,,,,
1642,62311,,,,
1643,62311,6231,623,62,6
1644,62311,,,,
1645,63111,6311,631,63,6
1646,62311,6231,623,62,6
1647,63111,6311,631,63,6
1648,63111,6311,631,63,6
1649,63111,6311,631,63,6
1650,63111,6311,631,63,6
1651,63111,6311,631,63,6
1652,63111,6311,631,63,6
1653,63111,6311,631,63,6
1654,63111,,,,
1655,71111,7111,711,71,7
1656,71111,7111,711,71,7
1657,71111,7111,711,71,7
1658,71111,7111,711,71,7
1659,71211,7121,712,71,7
1660,71211,7121,712,71,7
1661,71211,,,,
1662,71211,,,,
1663,71211,,,,
1664,201118,20111,2011,201,20
1665,72111,,,,
1666,72111,7211,721,72,7
1667,72111,7211,721,72,7
1668,72111,7211,721,72,7
1669,72111,7211,721,72,7
1671,72111,7211,721,72,7
1672,72111,7211,721,72,7
1673,72111,7211,721,72,7
1674,72111,7211,721,72,7
1675,72111,7211,721,72,7
1676,72111,7211,721,72,7
1677,72111,7211,721,72,7
1678,72111,7211,721,72,7
1679,72111,7211,721,72,7
1680,72111,7211,721,72,7
1681,72111,7211,721,72,7
1682,72111,7211,721,72,7
1683,72111,7211,721,72,7
1684,72111,7211,721,72,7
1685,72111,,,,
1686,72111,7211,721,72,7
1687,72111,7211,721,72,7
1688,72111,7211,721,72,7
1689,72111,7211,721,72,7
1690,72111,,,,
1691,72111,,,,
1693,72111,,,,
1694,72211,7221,722,72,7
1695,72211,7221,722,72,7
1696,72211,7221,722,72,7
1697,72211,7221,722,72,7
1698,72211,7221,722,72,7
1699,72211,,,,
1700,72212,,,,
1701,72212,,,,
1702,72212,7221,722,72,7
1703,72212,7221,722,72,7
1704,72212,7221,722,72,7
1705,72212,,,,
1706,72311,,,,
1707,72311,7231,723,72,7
1708,72311,7231,723,72,7
1709,72311,7231,723,72,7
1710,72311,,,,
1711,72311,7231,723,72,7
1712,72311,7231,723,72,7
1713,72311,7231,723,72,7
1714,72311,7231,723,72,7
1715,72311,7231,723,72,7
1716,72311,7231,723,72,7
1717,72311,,,,
1718,72311,7231,723,72,7
1719,72311,7231,723,72,7
1720,72411,7241,724,72,7
1721,72411,7241,724,72,7
1722,72411,7241,724,72,7
1724,72411,7241,724,72,7
1725,72411,7241,724,72,7
1726,72411,,,,
1727,73111,7311,731,73,7
1728,73211,7321,732,73,7
1729,73211,7321,732,73,7
1730,73211,7321,732,73,7
1731,73211,7321,732,73,7
1732,73211,7321,732,73,7
1733,73211,7321,732,73,7
1734,73211,,,,
1735,73211,,,,
1736,73211,7321,732,73,7
1737,73211,,,,
1738,73211,,,,
1739,73211,,,,
1740,73221,,,,
1741,73221,7322,732,73,7
1742,73221,7322,732,73,7
1743,73221,7322,732,73,7
1744,73221,7322,732,73,7
1745,73221,7322,732,73,7
1746,73221,7322,732,73,7
1747,73221,7322,732,73,7
1748,73221,,,,
1749,73611,7361,736,73,7
1750,73221,,,,
1751,73222,7322,732,73,7
1752,73311,7331,733,73,7
1753,73411,7341,734,73,7
1754,73511,7351,735,73,7
1755,73611,,,,
1756,73611,,,,
1757,73611,,,,
1758,81111,8111,811,81,8
1759,82111,8211,821,82,8
1760,82111,8211,821,82,8
1761,82111,,,,
1762,82111,8211,821,82,8
1763,82111,8211,821,82,8
1764,82111,,,,
1765,83111,8311,831,83,8
1766,83111,8311,831,83,8
1767,83111,,,,
1768,83111,,,,
1769,83111,8311,831,83,8
1770,83111,8311,831,83,8
1771,83111,8311,831,83,8
1772,83111,,,,
1773,83121,,,,
1774,83121,8312,831,83,8
1775,83121,,,,
1776,83121,,,,
1777,83121,8312,831,83,8
1778,83121,,,,
1779,83122,,,,
1780,83122,8312,831,83,8
1781,83122,,,,
1782,83122,,,,
1783,83122,,,,
1784,83122,,,,
1785,83122,,,,
1786,91111,,,,
1787,91111,9111,911,91,9
1788,91111,9111,911,91,9
1789,91111,9111,911,91,9
1790,91111,,,,
1791,91111,,,,
1792,91111,9111,911,91,9
1793,91111,9111,911,91,9
1794,91111,,,,
1795,91112,9111,911,91,9
1796,91112,9111,911,91,9
1797,91112,,,,
1798,91112,,,,
1799,91112,9111,911,91,9
1800,91112,9111,911,91,9
1801,91121,,,,
1802,91121,9112,911,91,9
1803,91122,9112,911,91,9
1804,91122,,,,
1805,91122,,,,
1806,91211,9121,912,91,9
1807,91211,9121,912,91,9
1808,53121,5312,531,53,5
1809,91311,9131,913,91,9
1810,91311,9131,913,91,9
1811,91311,9131,913,91,9
1812,91311,,,,
1813,91311,9131,913,91,9
1814,91311,9131,913,91,9
1815,91311,9131,913,91,9
1816,91311,9131,913,91,9
1817,91311,9131,913,91,9
1818,91112,9111,911,91,9
1819,91311,9131,913,91,9
1820,91311,9131,913,91,9
1821,91311,,,,
1822,91311,,,,
1823,91411,,,,
1824,91411,9141,914,91,9
1825,91411,9141,914,91,9
1826,91421,,,,
1827,91421,,,,
1828,91421,9142,914,91,9
1829,91421,9142,914,91,9
1830,91421,,,,
1831,91511,9151,915,91,9
1832,91511,,,,
1833,91511,,,,
1834,91511,9151,915,91,9
1835,91511,9151,915,91,9
1836,92211,,,,
1837,92211,9221,922,92,9
1838,93111,9311,931,93,9
1839,93111,9311,931,93,9
1840,93111,9311,931,93,9
1841,93111,9311,931,93,9
1842,93111,,,,
1843,93111,,,,
1844,93111,9311,931,93,9
1845,93111,,,,
1846,93111,9311,931,93,9
1847,93111,9311,931,93,9
1848,93111,9311,931,93,9
1849,93111,9311,931,93,9
1850,93111,9311,931,93,9
1851,93111,,,,
1852,93111,9311,931,93,9
1853,93111,9311,931,93,9
1854,93111,9311,931,93,9
1855,93111,9311,931,93,9
1856,93111,9311,931,93,9
1857,93111,,,,
1858,93111,,,,
1859,93111,9311,931,93,9
1860,93111,9311,931,93,9
1861,93111,9311,931,93,9
1862,93111,9311,931,93,9
1863,93111,9311,931,93,9
1864,93111,9311,931,93,9
1865,93111,9311,931,93,9
1866,93111,9311,931,93,9
1867,93111,9311,931,93,9
1868,93111,9311,931,93,9
1869,93111,,,,
1870,93111,,,,
1871,93111,,,,
1872,93111,,,,
1873,93211,9321,932,93,9
1874,93211,9321,932,93,9
1875,93211,9321,932,93,9
1876,93211,,,,
1877,93211,9321,932,93,9
1878,93211,9321,932,93,9
1879,93211,9321,932,93,9
1880,93211,,,,
1881,71311,7131,713,71,7
1882,93211,,,,
1883,93211,9321,932,93,9
1884,93211,,,,
1885,93211,,,,
1886,93211,,,,
1887,93311,,,,
1888,93311,9331,933,93,9
1889,93311,9331,933,93,9
1890,93311,,,,
1891,93311,9331,933,93,9
1892,93411,9341,934,93,9
1893,93411,,,,
1894,93411,9341,934,93,9
1895,93411,,,,
1896,93411,9341,934,93,9
1897,93411,,,,
1898,93411,,,,
1899,93411,,,,
1900,93511,9351,935,93,9
1901,93511,9351,935,93,9
1902,93511,9351,935,93,9
1903,94111,9411,941,94,9
1904,94111,9411,941,94,9
1905,94111,,,,
1906,94121,,,,
1907,94121,,,,
1908,94121,9412,941,94,9
1909,94121,9412,941,94,9
1910,105111,10511,1051,105,10
1911,105111,10511,1051,105,10
1912,105111,10511,1051,105,10
1913,94211,,,,
1914,94211,9421,942,94,9
1915,94211,,,,
1916,94211,9421,942,94,9
1917,94211,9421,942,94,9
1918,94211,9421,942,94,9
1919,94211,,,,
1920,94211,9421,942,94,9
1921,94221,,,,
1922,93111,,,,
1923,94221,9422,942,94,9
1924,94231,9423,942,94,9
1925,94231,,,,
1926,94231,9423,942,94,9
1927,83111,8311,831,83,8
1928,94231,9423,942,94,9
1929,94231,9423,942,94,9
1930,94311,9431,943,94,9
1931,94311,9431,943,94,9
1932,94311,9431,943,94,9
1933,94311,9431,943,94,9
1938,94311,9431,943,94,9
1939,94311,9431,943,94,9
1940,94311,9431,943,94,9
1941,94311,9431,943,94,9
1942,94311,,,,
1943,95111,,,,
1944,95111,,,,
1945,95111,9511,951,95,9
1946,95111,,,,
1947,95111,9511,951,95,9
1948,95111,9511,951,95,9
1949,95111,9511,951,95,9
1950,95111,9511,951,95,9
1951,95111,9511,951,95,9
1952,95221,,,,
1953,95111,,,,
1954,95121,9512,951,95,9
1955,95121,9512,951,95,9
1956,95121,9512,951,95,9
1957,95121,9512,951,95,9
1958,95121,9512,951,95,9
1959,95121,,,,
1960,95211,9521,952,95,9
1961,95211,,,,
1962,95221,9522,952,95,9
1963,95221,,,,
1964,95221,9522,952,95,9
1965,95221,,,,
1966,95221,9522,952,95,9
1967,95221,,,,
1968,95311,,,,
1969,95311,,,,
1970,95311,,,,
1971,95311,,,,
1972,95311,,,,
1973,95411,,,,
1974,95411,,,,
1975,95411,,,,
1976,95411,,,,
1977,95411,,,,
1978,95411,,,,
1979,95411,,,,
1980,95411,,,,
1981,95411,,,,
1982,95411,9541,954,95,9
1983,95411,,,,
1984,95411,9541,954,95,9
1985,95411,,,,
1986,121321,12132,1213,121,12
1987,95411,,,,
1988,95411,9541,954,95,9
1989,95411,,,,
1990,96111,9611,961,96,9
1991,96111,9611,961,96,9
1992,96111,,,,
1993,96111,9611,961,96,9
1994,96111,,,,
1995,101111,10111,1011,101,10
1996,101111,10111,1011,101,10
1997,101111,,,,
1998,101121,10112,1011,101,10
1999,101121,10112,1011,101,10
2000,62111,,,,
2001,101121,,,,
2002,102111,10211,1021,102,10
2003,102111,10211,1021,102,10
2004,102111,10211,1021,102,10
2005,102111,10211,1021,102,10
2006,102111,,,,
2007,103111,,,,
2008,103111,10311,1031,103,10
2009,104111,,,,
2010,104111,,,,
2011,104111,,,,
2012,104111,10411,1041,104,10
2013,104111,,,,
2014,105111,,,,
2015,105111,10511,1051,105,10
2016,105111,10511,1051,105,10
2017,105111,,,,
2018,105111,10511,1051,105,10
2019,105111,10511,1051,105,10
2020,105111,10511,1051,105,10
2021,105111,,,,
2022,105111,10511,1051,105,10
2023,105111,,,,
2024,111121,11112,1111,111,11
2025,111121,11112,1111,111,11
2026,111121,11112,1111,111,11
2027,111121,11112,1111,111,11
2028,111121,11112,1111,111,11
2029,111121,11112,1111,111,11
2030,111121,11112,1111,111,11
2031,111121,11112,1111,111,11
2032,111121,,,,
2033,111121,11112,1111,111,11
2034,111121,11112,1111,111,11
2035,111121,11112,1111,111,11
2036,111121,11112,1111,111,11
2037,111121,11112,1111,111,11
2038,111121,11112,1111,111,11
2041,111121,,,,
2042,111121,11112,1111,111,11
2043,111121,,,,
2044,111121,11112,1111,111,11
2045,111121,11112,1111,111,11
2048,111121,11112,1111,111,11
2049,111121,,,,
2050,111121,11112,1111,111,11
2051,111121,11112,1111,111,11
2052,111121,11112,1111,111,11
2053,111121,11112,1111,111,11
2054,111121,11112,1111,111,11
2056,111121,11112,1111,111,11
2057,111121,11112,1111,111,11
2058,111121,11112,1111,111,11
2059,111121,11112,1111,111,11
2060,111121,11112,1111,111,11
2061,111121,11112,1111,111,11
2062,111121,11112,1111,111,11
2064,111121,11112,1111,111,11
2065,111121,11112,1111,111,11
2066,111121,11112,1111,111,11
2067,111121,11112,1111,111,11
2068,111121,11112,1111,111,11
2069,111121,11112,1111,111,11
2070,111121,11112,1111,111,11
2071,111121,11112,1111,111,11
2072,111121,11112,1111,111,11
2073,111121,11112,1111,111,11
2074,111121,11112,1111,111,11
2075,111121,11112,1111,111,11
2076,111121,11112,1111,111,11
2077,111121,11112,1111,111,11
2078,111121,11112,1111,111,11
2079,111121,11112,1111,111,11
2080,111121,11112,1111,111,11
2081,111121,11112,1111,111,11
2082,111121,11112,1111,111,11
2083,111121,11112,1111,111,11
2086,111121,11112,1111,111,11
2087,111121,11112,1111,111,11
2088,111121,11112,1111,111,11
2089,111121,11112,1111,111,11
2090,111121,11112,1111,111,11
2091,111121,11112,1111,111,11
2092,111121,11112,1111,111,11
2093,111121,11112,1111,111,11
2094,111121,11112,1111,111,11
2095,111121,11112,1111,111,11
2096,111121,11112,1111,111,11
2097,111121,11112,1111,111,11
2098,111121,11112,1111,111,11
2099,111121,11112,1111,111,11
2100,111121,11112,1111,111,11
2101,111121,11112,1111,111,11
2102,111121,11112,1111,111,11
2103,111121,11112,1111,111,11
2104,111121,11112,1111,111,11
2105,111121,11112,1111,111,11
2106,111121,11112,1111,111,11
2107,111121,11112,1111,111,11
2108,111121,11112,1111,111,11
2109,111121,11112,1111,111,11
2110,111121,11112,1111,111,11
2111,111121,11112,1111,111,11
2112,111121,11112,1111,111,11
2113,111121,11112,1111,111,11
2114,111121,11112,1111,111,11
2115,111121,11112,1111,111,11
2116,111121,11112,1111,111,11
2117,111121,11112,1111,111,11
2118,111121,11112,1111,111,11
2119,111121,11112,1111,111,11
2120,111121,11112,1111,111,11
2124,111121,11112,1111,111,11
2125,111121,11112,1111,111,11
2126,111121,11112,1111,111,11
2128,111121,11112,1111,111,11
2129,111121,11112,1111,111,11
2131,111121,11112,1111,111,11
2132,111121,11112,1111,111,11
2133,111121,11112,1111,111,11
2134,111121,11112,1111,111,11
2135,111121,11112,1111,111,11
2136,111121,11112,1111,111,11
2137,111121,11112,1111,111,11
2138,111121,11112,1111,111,11
2140,11113,1111,111,11,1
2141,11113,1111,111,11,1
2142,111121,,,,
2143,111121,11112,1111,111,11
2144,111121,11112,1111,111,11
2145,111121,11112,1111,111,11
2146,111121,11112,1111,111,11
2150,111121,11112,1111,111,11
2151,111121,11112,1111,111,11
2152,111121,11112,1111,111,11
2154,111121,11112,1111,111,11
2155,111121,11112,1111,111,11
2156,111121,11112,1111,111,11
2157,111121,11112,1111,111,11
2158,111121,11112,1111,111,11
2159,111121,11112,1111,111,11
2160,111121,11112,1111,111,11
2161,111121,11112,1111,111,11
2162,111121,,,,
2163,111121,11112,1111,111,11
2164,111121,11112,1111,111,11
2165,111121,11112,1111,111,11
2166,111121,11112,1111,111,11
2167,111121,11112,1111,111,11
2168,111121,11112,1111,111,11
2169,111121,11112,1111,111,11
2170,111121,11112,1111,111,11
2172,111121,,,,
2173,11113,1111,111,11,1
2175,111121,11112,1111,111,11
2176,111121,11112,1111,111,11
2178,11821,1182,118,11,1
2179,111121,11112,1111,111,11
2180,111121,11112,1111,111,11
2181,111121,11112,1111,111,11
2182,111121,11112,1111,111,11
2183,111121,11112,1111,111,11
2184,111121,11112,1111,111,11
2185,111121,11112,1111,111,11
2186,111121,11112,1111,111,11
2187,111121,11112,1111,111,11
2188,111121,11112,1111,111,11
2189,111121,11112,1111,111,11
2190,111121,11112,1111,111,11
2191,111121,11112,1111,111,11
2192,111121,11112,1111,111,11
2193,111121,11112,1111,111,11
2194,111121,11112,1111,111,11
2195,111121,11112,1111,111,11
2196,111121,11112,1111,111,11
2198,111121,11112,1111,111,11
2199,11451,1145,114,11,1
2200,111121,11112,1111,111,11
2201,111121,11112,1111,111,11
2202,111121,11112,1111,111,11
2203,111121,11112,1111,111,11
2204,111121,11112,1111,111,11
2205,111121,11112,1111,111,11
2206,111121,11112,1111,111,11
2207,111121,11112,1111,111,11
2208,111121,11112,1111,111,11
2209,111121,11112,1111,111,11
2210,111121,11112,1111,111,11
2211,111121,,,,
2212,111121,11112,1111,111,11
2213,111121,,,,
2214,111121,11112,1111,111,11
2215,111121,11112,1111,111,11
2216,111121,11112,1111,111,11
2217,111121,11112,1111,111,11
2218,111121,11112,1111,111,11
2219,111121,11112,1111,111,11
2221,111121,11112,1111,111,11
2223,111121,11112,1111,111,11
2224,111121,11112,1111,111,11
2225,111121,11112,1111,111,11
2226,111121,11112,1111,111,11
2228,111121,11112,1111,111,11
2229,111121,11112,1111,111,11
2230,111121,11112,1111,111,11
2231,111121,,,,
2232,111121,,,,
2233,111121,11112,1111,111,11
2234,111121,11112,1111,111,11
2235,111121,11112,1111,111,11
2236,111121,11112,1111,111,11
2237,111121,11112,1111,111,11
2238,111121,11112,1111,111,11
2239,111121,11112,1111,111,11
2240,111121,11112,1111,111,11
2241,111121,11112,1111,111,11
2242,111121,11112,1111,111,11
2243,111121,11112,1111,111,11
2244,111121,11112,1111,111,11
2245,111121,11112,1111,111,11
2246,111121,11112,1111,111,11
2247,111121,11112,1111,111,11
2248,111121,11112,1111,111,11
2249,111121,11112,1111,111,11
2253,111121,11112,1111,111,11
2256,111121,11112,1111,111,11
2258,111121,11112,1111,111,11
2259,111121,11112,1111,111,11
2261,111121,11112,1111,111,11
2262,111121,11112,1111,111,11
2263,111121,11112,1111,111,11
2266,111121,,,,
2267,111121,11112,1111,111,11
2268,111121,11112,1111,111,11
2269,111121,11112,1111,111,11
2270,111121,11112,1111,111,11
2271,111121,,,,
2272,111121,11112,1111,111,11
2277,112111,,,,
2279,112111,,,,
2281,112111,,,,
2282,121111,12111,1211,121,12
2283,121111,12111,1211,121,12
2284,121111,12111,1211,121,12
2285,121111,12111,1211,121,12
2286,121111,12111,1211,121,12
2287,121111,12111,1211,121,12
2288,121111,12111,1211,121,12
2289,121111,12111,1211,121,12
2290,121111,12111,1211,121,12
2291,121111,,,,
2292,121111,12111,1211,121,12
2293,121111,12111,1211,121,12
2294,121111,12111,1211,121,12
2295,121111,12111,1211,121,12
2296,121111,12111,1211,121,12
2297,121121,12112,1211,121,12
2298,121121,12112,1211,121,12
2299,121111,12111,1211,121,12
2300,121111,12111,1211,121,12
2301,121121,,,,
2302,121211,12121,1212,121,12
2303,121211,12121,1212,121,12
2304,121211,12121,1212,121,12
2305,121211,12121,1212,121,12
2306,121211,12121,1212,121,12
2307,121211,,,,
2308,121311,12131,1213,121,12
2309,121311,12131,1213,121,12
2310,121311,12131,1213,121,12
2311,121311,12131,1213,121,12
2312,121311,12131,1213,121,12
2313,121311,12131,1213,121,12
2314,121311,12131,1213,121,12
2315,61211,6121,612,61,6
2316,121311,12131,1213,121,12
2317,121311,12131,1213,121,12
2318,121311,12131,1213,121,12
2319,121311,12131,1213,121,12
2321,121311,12131,1213,121,12
2322,121311,12131,1213,121,12
2323,121311,,,,
2324,121321,,,,
2325,121321,,,,
2326,121321,,,,
2327,121321,12132,1213,121,12
2328,121321,,,,
2329,121321,12132,1213,121,12
2330,121321,12132,1213,121,12
2331,121321,,,,
2332,121321,12132,1213,121,12
2333,121321,,,,
2334,121321,,,,
2335,121321,12132,1213,121,12
2336,121321,,,,
2337,121321,12132,1213,121,12
2338,121321,12132,1213,121,12
2339,121321,12132,1213,121,12
2340,121321,,,,
2341,121321,12132,1213,121,12
2342,121321,12132,1213,121,12
2344,121321,12132,1213,121,12
2345,121321,,,,
2346,121321,12132,1213,121,12
2347,121321,12132,1213,121,12
2348,121321,12132,1213,121,12
2349,121321,12132,1213,121,12
2350,121321,12132,1213,121,12
2351,121321,12132,1213,121,12
2352,121321,12132,1213,121,12
2353,121321,12132,1213,121,12
2354,121321,12132,1213,121,12
2355,123211,12321,1232,123,12
2356,123211,12321,1232,123,12
2357,123211,,,,
2358,123211,12321,1232,123,12
2359,123211,12321,1232,123,12
2360,121321,12132,1213,121,12
2361,121321,12132,1213,121,12
2362,121321,12132,1213,121,12
2363,121321,12132,1213,121,12
2364,56121,,,,
2365,54131,,,,
2366,121321,12132,1213,121,12
2367,121321,12132,1213,121,12
2368,121321,12132,1213,121,12
2369,121321,12132,1213,121,12
2370,121321,,,,
2371,121321,12132,1213,121,12
2372,121321,,,,
2373,121321,,,,
2374,121321,,,,
2375,121321,12132,1213,121,12
2376,121321,12132,1213,121,12
2377,121321,12132,1213,121,12
2378,121321,12132,1213,121,12
2379,121321,12132,1213,121,12
2380,121321,12132,1213,121,12
2381,121321,12132,1213,121,12
2382,121321,12132,1213,121,12
2383,121321,,,,
2384,121321,12132,1213,121,12
2385,121321,12132,1213,121,12
2386,121321,12132,1213,121,12
2387,123211,,,,
2388,122111,,,,
2389,123111,,,,
2390,123111,12311,1231,123,12
2391,123111,12311,1231,123,12
2392,123111,12311,1231,123,12
2393,123111,,,,
2394,123111,,,,
2395,123111,,,,
2396,123111,,,,
2397,123111,12311,1231,123,12
2398,123111,12311,1231,123,12
2399,123111,12311,1231,123,12
2400,123111,,,,
2401,123111,,,,
2402,123111,12311,1231,123,12
2403,123111,12311,1231,123,12
2404,123111,12311,1231,123,12
2405,123111,12311,1231,123,12
2406,123111,12311,1231,123,12
2407,123111,12311,1231,123,12
2408,123111,12311,1231,123,12
2409,123111,12311,1231,123,12
2410,123111,,,,
2411,123111,,,,
2412,123211,,,,
2413,123211,,,,
2414,123211,,,,
2415,123211,12321,1232,123,12
2416,123211,,,,
2417,123211,,,,
2418,123211,,,,
2419,123211,12321,1232,123,12
2420,31321,,,,
2421,61311,,,,
2422,123211,12321,1232,123,12
2423,123211,,,,
2424,123211,12321,1232,123,12
2426,123211,,,,
2427,123211,,,,
2428,123211,12321,1232,123,12
2429,123211,,,,
2430,124111,12411,1241,124,12
2431,124111,12411,1241,124,12
2432,125311,12531,1253,125,12
2433,125311,,,,
2434,125311,12531,1253,125,12
2435,125311,,,,
2436,125311,,,,
2437,125311,,,,
2438,125411,12541,1254,125,12
2439,125411,12541,1254,125,12
2440,125311,,,,
2441,125511,12551,1255,125,12
2442,125511,,,,
2443,127111,,,,
2444,126211,12621,1262,126,12
2445,126211,12621,1262,126,12
2446,126211,,,,
2447,127111,,,,
2448,127111,12711,1271,127,12
2449,127111,12711,1271,127,12
2450,127111,,,,
2451,125511,12551,1255,125,12
2452,127111,12711,1271,127,12
2453,127111,,,,
2454,127111,12711,1271,127,12
2455,127111,12711,1271,127,12
2456,127111,,,,
2457,127111,12711,1271,127,12
2458,127111,,,,
2459,127111,12711,1271,127,12
2460,127111,,,,
2461,127111,12711,1271,127,12
2462,127111,12711,1271,127,12
2463,127111,12711,1271,127,12
2464,127111,,,,
2465,72411,7241,724,72,7
2466,201123,20112,2011,201,20
2467,127111,12711,1271,127,12
2468,41111,,,,
2469,83111,8311,831,83,8
2470,83111,8311,831,83,8
2471,83111,8311,831,83,8
2472,83111,8311,831,83,8
2473,11921,1192,119,11,1
2475,201123,20112,2011,201,20
2477,111121,11112,1111,111,11
2478,83121,,,,
2479,61151,6115,611,61,6
2480,73211,,,,
2483,111121,11112,1111,111,11
2484,111121,11112,1111,111,11
2485,111121,11112,1111,111,11
2486,111121,11112,1111,111,11
2487,111121,11112,1111,111,11
2488,111121,11112,1111,111,11
2489,111121,11112,1111,111,11
2490,111121,11112,1111,111,11
2491,111121,11112,1111,111,11
2492,111121,11112,1111,111,11
2493,111121,11112,1111,111,11
2494,111121,11112,1111,111,11
2495,111121,11112,1111,111,11
2496,111121,11112,1111,111,11
2497,111121,11112,1111,111,11
2498,61171,6117,611,61,6
2499,201111,20111,2011,201,20
2500,201111,20111,2011,201,20
2501,126211,12621,1262,126,12
2502,126211,12621,1262,126,12
2503,126211,,,,
2504,126211,12621,1262,126,12
2505,125511,12551,1255,125,12
2506,201111,20111,2011,201,20
2508,125511,,,,
2509,201111,,,,
2510,127111,12711,1271,127,12
2511,127111,12711,1271,127,12
2512,127111,12711,1271,127,12
2513,32121,3212,321,32,3
2514,32131,,,,
2515,11231,1123,112,11,1
2516,82111,8211,821,82,8
2517,61311,,,,
2518,83121,8312,831,83,8
2519,83121,,,,
2520,83121,8312,831,83,8
2521,201112,,,,
2522,201112,,,,
2523,201112,,,,
2524,201111,20111,2011,201,20
2525,62311,6231,623,62,6
2526,201117,,,,
2527,201112,,,,
2528,201112,,,,
2529,201112,,,,
2530,201112,,,,
2531,201112,,,,
2533,126211,,,,
2534,201121,,,,
2535,201121,,,,
2536,125411,12541,1254,125,12
2537,201114,,,,
2538,11113,1111,111,11,1
2539,201117,,,,
2540,121321,12132,1213,121,12
2541,11113,1111,111,11,1
2542,61161,6116,611,61,6
2543,61171,6117,611,61,6
2544,123211,12321,1232,123,12
2545,93411,9341,934,93,9
2546,11223,1122,112,11,1
2547,127111,,,,
2548,105111,10511,1051,105,10
2549,11113,1111,111,11,1
2550,61121,6112,611,61,6
2551,11721,1172,117,11,1
2552,94121,9412,941,94,9
2553,123211,12321,1232,123,12
2554,123211,,,,
2555,123211,12321,1232,123,12
2556,123211,12321,1232,123,12
2557,31111,3111,311,31,3
2558,11231,,,,
2559,72111,7211,721,72,7
2560,44111,4411,441,44,4
2561,44111,4411,441,44,4
2562,45111,4511,451,45,4
2563,83111,8311,831,83,8
2564,83111,8311,831,83,8
2565,83111,8311,831,83,8
2566,94231,9423,942,94,9
2567,83111,8311,831,83,8
2568,56211,5621,562,56,5
2570,56211,5621,562,56,5
2571,31421,3142,314,31,3
2572,56211,5621,562,56,5
2573,56211,5621,562,56,5
2574,41111,,,,
2575,41211,4121,412,41,4
2576,41211,4121,412,41,4
2577,41211,,,,
2578,41211,,,,
2579,56112,5611,561,56,5
2580,94221,9422,942,94,9
2581,94121,9412,941,94,9
2582,94121,9412,941,94,9
2583,94121,9412,941,94,9
2584,94121,9412,941,94,9
2585,94231,9423,942,94,9
2586,125111,12511,1251,125,12
2587,91311,9131,913,91,9
2588,61151,6115,611,61,6
2589,61171,,,,
2590,121321,12132,1213,121,12
2591,62311,6231,623,62,6
2592,104111,10411,1041,104,10
2594,95311,9531,953,95,9
2595,111121,11112,1111,111,11
2596,111121,11112,1111,111,11
2597,111121,,,,
2598,72111,7211,721,72,7
2599,55211,5521,552,55,5
2600,101121,,,,
2601,102111,10211,1021,102,10
2602,95411,9541,954,95,9
2603,201123,20112,2011,201,20
2605,111121,11112,1111,111,11
2606,111121,11112,1111,111,11
2608,111121,11112,1111,111,11
2610,111121,11112,1111,111,11
2611,111121,11112,1111,111,11
2612,111121,11112,1111,111,11
2613,111121,11112,1111,111,11
2614,111121,11112,1111,111,11
2615,111121,11112,1111,111,11
2616,111121,11112,1111,111,11
2617,111121,11112,1111,111,11
2618,111121,11112,1111,111,11
2619,111121,11112,1111,111,11
2620,111121,,,,
2627,111121,,,,
2628,111121,11112,1111,111,11
2629,111121,11112,1111,111,11
2630,111121,11112,1111,111,11
2631,111121,11112,1111,111,11
2632,11113,1111,111,11,1
2633,111121,11112,1111,111,11
2634,111121,11112,1111,111,11
2640,111121,11112,1111,111,11
2641,111121,11112,1111,111,11
2643,111121,11112,1111,111,11
2644,111121,11112,1111,111,11
2645,111121,11112,1111,111,11
2651,111121,11112,1111,111,11
2652,111121,11112,1111,111,11
2653,111121,11112,1111,111,11
2654,111121,11112,1111,111,11
2655,111121,11112,1111,111,11
2656,111121,11112,1111,111,11
2657,111121,11112,1111,111,11
2658,111121,11112,1111,111,11
2661,111131,11113,1111,111,11
2662,111132,11113,1111,111,11
2665,111132,11113,1111,111,11
2666,111132,11113,1111,111,11
2667,111132,11113,1111,111,11
2668,111132,11113,1111,111,11
2669,111132,11113,1111,111,11
2670,111132,11113,1111,111,11
2671,111132,11113,1111,111,11
2672,111132,11113,1111,111,11
2673,111132,11113,1111,111,11
2674,111132,11113,1111,111,11
2675,111132,11113,1111,111,11
2676,111132,11113,1111,111,11
2677,111132,11113,1111,111,11
2678,111132,11113,1111,111,11
2679,111132,11113,1111,111,11
2680,111132,11113,1111,111,11
2681,111132,11113,1111,111,11
2682,111132,11113,1111,111,11
2683,111132,11113,1111,111,11
2684,111132,11113,1111,111,11
2685,111132,11113,1111,111,11
2686,111132,11113,1111,111,11
2687,111132,11113,1111,111,11
2688,111132,11113,1111,111,11
2689,111132,11113,1111,111,11
2690,111132,11113,1111,111,11
2691,111132,,,,
2692,111132,11113,1111,111,11
2693,111132,11113,1111,111,11
2694,111141,11114,1111,111,11
2695,111141,11114,1111,111,11
2696,111141,11114,1111,111,11
2697,111141,,,,
2698,111141,,,,
2699,111141,,,,
2700,111141,,,,
2701,111141,11114,1111,111,11
2702,111141,11114,1111,111,11
2703,111141,11114,1111,111,11
2704,111141,11114,1111,111,11
2705,111141,,,,
2706,111141,11114,1111,111,11
2707,111141,11114,1111,111,11
2708,111141,11114,1111,111,11
2709,111141,11114,1111,111,11
2710,111141,11114,1111,111,11
2711,111141,,,,
2712,111141,11114,1111,111,11
2716,111141,,,,
2717,111141,,,,
2718,111141,11114,1111,111,11
2719,111211,,,,
2720,111211,,,,
2721,111211,,,,
2722,111211,,,,
2723,111211,,,,
2724,201123,20112,2011,201,20
2725,72111,7211,721,72,7
2726,72111,7211,721,72,7
2727,72111,7211,721,72,7
2728,72111,7211,721,72,7
2729,72111,7211,721,72,7
2730,201124,,,,
2731,94231,9423,942,94,9
2732,52121,5212,521,52,5
2733,121211,12121,1212,121,12
2734,72411,7241,724,72,7
2735,201118,20111,2011,201,20
2736,111121,11112,1111,111,11
2737,127111,12711,1271,127,12
2738,43111,4311,431,43,4
2739,43111,4311,431,43,4
2740,56121,5612,561,56,5
2741,43111,4311,431,43,4
2742,43211,4321,432,43,4
2743,111121,11112,1111,111,11
2745,111121,11112,1111,111,11
2746,111121,11112,1111,111,11
2747,111121,11112,1111,111,11
2748,111121,11112,1111,111,11
2749,111121,11112,1111,111,11
2750,111121,11112,1111,111,11
2751,111121,11112,1111,111,11
2752,111121,11112,1111,111,11
2753,111121,11112,1111,111,11
2754,111121,11112,1111,111,11
2755,111121,11112,1111,111,11
2756,111121,11112,1111,111,11
2757,111121,11112,1111,111,11
2758,111121,11112,1111,111,11
2759,111121,11112,1111,111,11
2760,111121,11112,1111,111,11
2761,111121,11112,1111,111,11
2762,111121,11112,1111,111,11
2764,111121,11112,1111,111,11
2765,111121,11112,1111,111,11
2766,111121,11112,1111,111,11
2767,111121,11112,1111,111,11
2769,111121,11112,1111,111,11
2770,111121,11112,1111,111,11
2771,111121,11112,1111,111,11
2772,111121,11112,1111,111,11
2773,111121,11112,1111,111,11
2775,111121,11112,1111,111,11
2776,111121,11112,1111,111,11
2777,111121,,,,
2778,111121,11112,1111,111,11
2779,111121,11112,1111,111,11
2780,111121,11112,1111,111,11
2781,111121,11112,1111,111,11
2782,111121,11112,1111,111,11
2783,111121,11112,1111,111,11
2784,111121,11112,1111,111,11
2785,111121,11112,1111,111,11
2786,111121,11112,1111,111,11
2787,111121,11112,1111,111,11
2788,111121,11112,1111,111,11
2789,111121,,,,
2790,111121,11112,1111,111,11
2792,111121,11112,1111,111,11
2793,111121,11112,1111,111,11
2795,111121,11112,1111,111,11
2796,111121,11112,1111,111,11
2797,111121,11112,1111,111,11
2798,111121,,,,
2799,111121,11112,1111,111,11
2800,111121,11112,1111,111,11
2801,111121,11112,1111,111,11
2802,111121,11112,1111,111,11
2803,111121,11112,1111,111,11
2804,111121,11112,1111,111,11
2805,111121,11112,1111,111,11
2806,111121,11112,1111,111,11
2807,111121,11112,1111,111,11
2808,111121,11112,1111,111,11
2809,111121,11112,1111,111,11
2810,111121,11112,1111,111,11
2811,111121,11112,1111,111,11
2812,111121,11112,1111,111,11
2814,111121,11112,1111,111,11
2815,111121,11112,1111,111,11
2816,111121,11112,1111,111,11
2817,111121,,,,
2818,111121,11112,1111,111,11
2819,111121,11112,1111,111,11
2820,111121,11112,1111,111,11
2822,111121,11112,1111,111,11
2823,111121,11112,1111,111,11
2824,111121,11112,1111,111,11
2825,111121,11112,1111,111,11
2827,111121,11112,1111,111,11
2828,111121,11112,1111,111,11
2829,111132,11113,1111,111,11
2830,111132,11113,1111,111,11
2831,111132,11113,1111,111,11
2832,111132,11113,1111,111,11
2833,111132,11113,1111,111,11
2835,111132,,,,
2838,111132,11113,1111,111,11
2839,111132,11113,1111,111,11
2840,111132,11113,1111,111,11
2841,111132,11113,1111,111,11
2842,111132,,,,
2843,111132,,,,
2844,111132,11113,1111,111,11
2845,111132,,,,
2846,111132,,,,
2848,111132,11113,1111,111,11
2849,111132,,,,
2850,111132,11113,1111,111,11
2851,111121,11112,1111,111,11
2852,111121,11112,1111,111,11
2853,111121,11112,1111,111,11
2854,111121,11112,1111,111,11
2856,111121,11112,1111,111,11
2857,111121,11112,1111,111,11
2858,111121,11112,1111,111,11
2859,111121,11112,1111,111,11
2860,111121,11112,1111,111,11
2861,111121,11112,1111,111,11
2862,111121,11112,1111,111,11
2863,111121,11112,1111,111,11
2864,111121,11112,1111,111,11
2865,111121,11112,1111,111,11
2866,111121,11112,1111,111,11
2868,56114,5611,561,56,5
2869,11243,1124,112,11,1
2870,61151,6115,611,61,6
2871,62311,6231,623,62,6
2872,91311,9131,913,91,9
2873,91311,9131,913,91,9
2874,11221,1122,112,11,1
2875,11221,1122,112,11,1
2876,11221,,,,
2877,55211,5521,552,55,5
2878,111121,11112,1111,111,11
2879,111121,11112,1111,111,11
2880,111121,11112,1111,111,11
2881,11113,1111,111,11,1
2882,111121,11112,1111,111,11
2883,111121,11112,1111,111,11
2884,111121,11112,1111,111,11
2885,22111,2211,221,22,2
2886,92111,9211,921,92,9
2887,111132,11113,1111,111,11
2888,111132,11113,1111,111,11
2889,111121,11112,1111,111,11
2890,111121,11112,1111,111,11
2891,111121,11112,1111,111,11
2892,111121,11112,1111,111,11
2893,111121,11112,1111,111,11
2894,111121,11112,1111,111,11
2895,111121,11112,1111,111,11
2896,111121,11112,1111,111,11
2897,111121,11112,1111,111,11
2898,111121,11112,1111,111,11
2899,111121,11112,1111,111,11
2900,56121,5612,561,56,5
2901,101111,10111,1011,101,10
2902,43211,4321,432,43,4
2903,111121,11112,1111,111,11
2904,53211,5321,532,53,5
2905,43211,4321,432,43,4
2906,43211,4321,432,43,4
2907,43211,4321,432,43,4
2908,43211,4321,432,43,4
2909,56211,5621,562,56,5
2911,53311,5331,533,53,5
2912,201115,20111,2011,201,20
2914,201116,20111,2011,201,20
2915,43211,4321,432,43,4
2916,43211,4321,432,43,4
2917,43211,,,,
2919,104111,10411,1041,104,10
2920,104111,10411,1041,104,10
2921,104111,10411,1041,104,10
2922,104111,10411,1041,104,10
2923,104111,10411,1041,104,10
2924,104111,10411,1041,104,10
2925,104111,10411,1041,104,10
2926,104111,10411,1041,104,10
2927,104111,10411,1041,104,10
2928,104111,10411,1041,104,10
2930,62311,6231,623,62,6
2931,127111,12711,1271,127,12
2932,127111,,,,
2933,127111,12711,1271,127,12
2934,94231,9423,942,94,9
2935,201123,20112,2011,201,20
2936,201123,20112,2011,201,20
2937,201123,20112,2011,201,20
2938,123211,12321,1232,123,12
2939,123211,12321,1232,123,12
2940,123211,12321,1232,123,12
2941,123211,12321,1232,123,12
2942,123211,12321,1232,123,12
2943,123211,12321,1232,123,12
2944,72111,7211,721,72,7
2945,72111,,,,
2946,72111,,,,
2947,72311,7231,723,72,7
2948,72311,7231,723,72,7
2949,124111,12411,1241,124,12
2951,124111,12411,1241,124,12
2952,124111,12411,1241,124,12
2953,126211,,,,
2954,126211,,,,
2956,105111,10511,1051,105,10
2957,105111,10511,1051,105,10
2958,72411,7241,724,72,7
2959,92211,9221,922,92,9
2960,92211,9221,922,92,9
2961,92211,9221,922,92,9
2962,52121,5212,521,52,5
2963,52111,5211,521,52,5
2964,95111,9511,951,95,9
2965,95111,9511,951,95,9
2966,53112,5311,531,53,5
2967,53112,5311,531,53,5
2968,61171,6117,611,61,6
2969,62311,,,,
2970,62111,6211,621,62,6
2971,61171,6117,611,61,6
2972,51132,5113,511,51,5
2973,52121,5212,521,52,5
2975,61311,6131,613,61,6
2977,91421,,,,
2978,93211,9321,932,93,9
2979,95411,9541,954,95,9
2980,102111,10211,1021,102,10
2982,121211,12121,1212,121,12
2983,61131,6113,611,61,6
2985,111121,11112,1111,111,11
2986,111121,11112,1111,111,11
2987,111121,11112,1111,111,11
2988,111121,11112,1111,111,11
2989,111121,,,,
2990,111121,11112,1111,111,11
2991,111121,11112,1111,111,11
2992,111121,11112,1111,111,11
2993,111121,11112,1111,111,11
2994,111121,,,,
2995,111121,11112,1111,111,11
2997,111121,11112,1111,111,11
2998,111121,11112,1111,111,11
3000,111121,11112,1111,111,11
3001,111121,11112,1111,111,11
3002,111121,11112,1111,111,11
3003,111121,11112,1111,111,11
3004,111121,11112,1111,111,11
3005,83121,,,,
3006,123211,12321,1232,123,12
3007,11211,1121,112,11,1
3008,32111,3211,321,32,3
3010,111121,11112,1111,111,11
3011,111121,11112,1111,111,11
3012,111121,11112,1111,111,11
3013,111121,11112,1111,111,11
3014,111121,11112,1111,111,11
3015,111121,11112,1111,111,11
3016,111121,11112,1111,111,11
3017,111121,11112,1111,111,11
3018,111121,,,,
3019,111121,11112,1111,111,11
3020,111121,11112,1111,111,11
3021,11421,1142,114,11,1
3022,111121,11112,1111,111,11
3023,111121,11112,1111,111,11
3024,111121,11112,1111,111,11
3025,111121,11112,1111,111,11
3026,111121,11112,1111,111,11
3027,111121,11112,1111,111,11
3028,111121,11112,1111,111,11
3029,22111,,,,
3030,111121,11112,1111,111,11
3031,111121,11112,1111,111,11
3033,111121,11112,1111,111,11
3034,111121,11112,1111,111,11
3035,111121,11112,1111,111,11
3037,111121,11112,1111,111,11
3038,111121,11112,1111,111,11
3039,111121,11112,1111,111,11
3040,111121,11112,1111,111,11
3041,111121,11112,1111,111,11
3042,111121,11112,1111,111,11
3043,111121,11112,1111,111,11
3044,111121,11112,1111,111,11
3045,111121,11112,1111,111,11
3046,111121,11112,1111,111,11
3047,111121,11112,1111,111,11
3048,111121,11112,1111,111,11
3050,111121,11112,1111,111,11
3051,111121,11112,1111,111,11
3052,111121,11112,1111,111,11
3053,111121,11112,1111,111,11
3055,111121,11112,1111,111,11
3056,111121,11112,1111,111,11
3057,111121,11112,1111,111,11
3058,111121,11112,1111,111,11
3059,111121,11112,1111,111,11
3060,111121,11112,1111,111,11
3062,111121,11112,1111,111,11
3064,111121,11112,1111,111,11
3065,111121,11112,1111,111,11
3066,111121,11112,1111,111,11
3067,111121,11112,1111,111,11
3068,111121,11112,1111,111,11
3069,111121,,,,
3070,111121,11112,1111,111,11
3071,111121,11112,1111,111,11
3072,111121,11112,1111,111,11
3073,11711,1171,117,11,1
3074,62111,6211,621,62,6
3075,62111,6211,621,62,6
3076,11721,1172,117,11,1
3077,201113,20111,2011,201,20
3078,201111,20111,2011,201,20
3079,11121,1112,111,11,1
3080,11713,1171,117,11,1
3081,62311,6231,623,62,6
3082,55211,5521,552,55,5
3086,111121,11112,1111,111,11
3087,111121,11112,1111,111,11
3088,111121,11112,1111,111,11
3089,111121,11112,1111,111,11
3090,111121,11112,1111,111,11
3091,111121,11112,1111,111,11
3092,111121,11112,1111,111,11
3093,111121,11112,1111,111,11
3094,111121,,,,
3095,111121,11112,1111,111,11
3096,111121,11112,1111,111,11
3097,111121,11112,1111,111,11
3098,111121,11112,1111,111,11
3099,111121,11112,1111,111,11
3100,111121,11112,1111,111,11
3101,111121,11112,1111,111,11
3102,111121,11112,1111,111,11
3103,111121,11112,1111,111,11
3104,111121,11112,1111,111,11
3105,111121,11112,1111,111,11
3106,111121,11112,1111,111,11
3107,111132,11113,1111,111,11
3108,111121,11112,1111,111,11
3109,111121,11112,1111,111,11
3110,111121,11112,1111,111,11
3111,111121,11112,1111,111,11
3112,111121,11112,1111,111,11
3113,111121,11112,1111,111,11
3114,111121,11112,1111,111,11
3115,111121,11112,1111,111,11
3116,111121,11112,1111,111,11
3117,111121,11112,1111,111,11
3119,111121,11112,1111,111,11
3120,111121,11112,1111,111,11
3121,111121,11112,1111,111,11
3122,111121,11112,1111,111,11
3123,111121,11112,1111,111,11
3124,111121,11112,1111,111,11
3125,111121,11112,1111,111,11
3127,111121,11112,1111,111,11
3128,111121,11112,1111,111,11
3129,54131,5413,541,54,5
3130,31291,3129,312,31,3
3131,72111,7211,721,72,7
3132,31291,3129,312,31,3
3133,93411,9341,934,93,9
3134,111121,11112,1111,111,11
3135,111121,11112,1111,111,11
3136,111121,11112,1111,111,11
3137,111121,11112,1111,111,11
3138,111121,11112,1111,111,11
3139,111121,11112,1111,111,11
3140,111121,11112,1111,111,11
3141,111121,11112,1111,111,11
3142,111121,11112,1111,111,11
3143,111121,11112,1111,111,11
3144,111121,,,,
3145,111121,11112,1111,111,11
3146,111132,11113,1111,111,11
3147,201122,20112,2011,201,20
3148,73611,7361,736,73,7
3149,72211,7221,722,72,7
3150,111121,11112,1111,111,11
3151,111121,11112,1111,111,11
3152,111121,11112,1111,111,11
3153,111121,11112,1111,111,11
3154,72212,7221,722,72,7
3155,72111,,,,
3156,72111,7211,721,72,7
3157,201111,,,,
3160,121321,12132,1213,121,12
3161,111121,11112,1111,111,11
3162,111121,11112,1111,111,11
3163,111121,11112,1111,111,11
3164,111121,11112,1111,111,11
3165,111121,11112,1111,111,11
3166,111121,11112,1111,111,11
3167,111121,11112,1111,111,11
3168,111121,11112,1111,111,11
3169,111121,11112,1111,111,11
3170,111121,11112,1111,111,11
3171,111121,11112,1111,111,11
3172,111121,11112,1111,111,11
3173,105111,,,,
3174,111121,11112,1111,111,11
3175,111121,,,,
3177,111121,11112,1111,111,11
3178,111121,11112,1111,111,11
3179,111121,11112,1111,111,11
3180,111121,11112,1111,111,11
3181,111121,,,,
3184,111121,11112,1111,111,11
3185,111121,11112,1111,111,11
3186,111121,11112,1111,111,11
3187,111121,11112,1111,111,11
3188,111121,11112,1111,111,11
3189,111121,11112,1111,111,11
3190,111121,11112,1111,111,11
3191,111121,11112,1111,111,11
3192,111121,11112,1111,111,11
3193,111121,11112,1111,111,11
3194,111121,11112,1111,111,11
3195,111121,11112,1111,111,11
3196,111121,11112,1111,111,11
3197,111121,11112,1111,111,11
3198,111121,,,,
3199,111121,11112,1111,111,11
3200,111121,11112,1111,111,11
3201,111121,11112,1111,111,11
3202,111121,11112,1111,111,11
3204,111121,11112,1111,111,11
3205,111121,11112,1111,111,11
3206,111121,11112,1111,111,11
3207,111121,11112,1111,111,11
3212,73222,7322,732,73,7
3213,201123,20112,2011,201,20
3214,127111,12711,1271,127,12
3215,127111,12711,1271,127,12
3216,111121,11112,1111,111,11
3217,111121,11112,1111,111,11
3218,111121,11112,1111,111,11
3219,111121,11112,1111,111,11
3220,111121,11112,1111,111,11
3221,111121,11112,1111,111,11
3222,111121,11112,1111,111,11
3223,111121,11112,1111,111,11
3224,111121,11112,1111,111,11
3225,111121,11112,1111,111,11
3226,111121,11112,1111,111,11
3227,111121,11112,1111,111,11
3228,111121,11112,1111,111,11
3229,111121,11112,1111,111,11
3230,111121,11112,1111,111,11
3231,111121,11112,1111,111,11
3237,111121,11112,1111,111,11
3239,111121,11112,1111,111,11
3240,111121,11112,1111,111,11
3241,111121,11112,1111,111,11
3242,111121,11112,1111,111,11
3243,111121,11112,1111,111,11
3244,111121,11112,1111,111,11
3248,111121,11112,1111,111,11
3249,111121,11112,1111,111,11
3250,111121,11112,1111,111,11
3251,111121,11112,1111,111,11
3252,111121,11112,1111,111,11
3253,111121,11112,1111,111,11
3255,111121,11112,1111,111,11
3256,111121,11112,1111,111,11
3257,111132,11113,1111,111,11
3258,111121,11112,1111,111,11
3259,111121,11112,1111,111,11
3260,111121,11112,1111,111,11
3261,111121,11112,1111,111,11
3262,111121,11112,1111,111,11
3264,111121,11112,1111,111,11
3265,111121,11112,1111,111,11
3266,111121,11112,1111,111,11
3267,111121,11112,1111,111,11
3268,111121,11112,1111,111,11
3269,111121,11112,1111,111,11
3271,111121,11112,1111,111,11
3272,111121,11112,1111,111,11
3273,111121,11112,1111,111,11
3274,62111,6211,621,62,6
3276,95411,9541,954,95,9
3277,111121,11112,1111,111,11
3278,111121,11112,1111,111,11
3279,111121,11112,1111,111,11
3280,111121,11112,1111,111,11
3282,111121,11112,1111,111,11
3283,111121,11112,1111,111,11
3284,111121,11112,1111,111,11
3285,111121,11112,1111,111,11
3286,111121,11112,1111,111,11
3287,111121,11112,1111,111,11
3288,111121,11112,1111,111,11
3289,52111,5211,521,52,5
3290,111121,11112,1111,111,11
3291,32141,3214,321,32,3
3292,72111,7211,721,72,7
3293,72111,7211,721,72,7
3294,62311,6231,623,62,6
3297,123211,12321,1232,123,12
3298,62311,6231,623,62,6
3299,62111,6211,621,62,6
3300,62111,6211,621,62,6
3301,62311,,,,
3302,62111,6211,621,62,6
3303,61171,,,,
3304,53121,5312,531,53,5
3305,72111,7211,721,72,7
3306,72311,7231,723,72,7
3307,111121,11112,1111,111,11
3308,111121,11112,1111,111,11
3309,111121,11112,1111,111,11
3310,111121,11112,1111,111,11
3311,111121,11112,1111,111,11
3312,111121,11112,1111,111,11
3313,111121,11112,1111,111,11
3316,111121,11112,1111,111,11
3317,111121,11112,1111,111,11
3318,111121,11112,1111,111,11
3319,111121,11112,1111,111,11
3320,111121,11112,1111,111,11
3321,111121,11112,1111,111,11
3322,111121,11112,1111,111,11
3323,111121,11112,1111,111,11
3324,111121,11112,1111,111,11
3325,111121,11112,1111,111,11
3326,111121,11112,1111,111,11
3327,111121,11112,1111,111,11
3328,111121,11112,1111,111,11
3329,111121,11112,1111,111,11
3331,111121,11112,1111,111,11
3332,111121,11112,1111,111,11
3333,111121,11112,1111,111,11
3334,111121,11112,1111,111,11
3335,111121,11112,1111,111,11
3337,32131,3213,321,32,3
3338,32131,3213,321,32,3
3339,32131,3213,321,32,3
3340,32131,3213,321,32,3
3341,32131,3213,321,32,3
3342,32131,3213,321,32,3
3344,32131,3213,321,32,3
3345,32131,3213,321,32,3
3347,32131,3213,321,32,3
3348,32112,3211,321,32,3
3349,32131,3213,321,32,3
3351,32131,,,,
3352,32131,3213,321,32,3
3353,32131,3213,321,32,3
3354,32131,3213,321,32,3
3359,32131,3213,321,32,3
3360,32113,3211,321,32,3
3361,32113,3211,321,32,3
3362,32131,3213,321,32,3
3363,32131,3213,321,32,3
3364,93211,9321,932,93,9
3365,93211,,,,
3366,93211,,,,
3369,56114,5611,561,56,5
3370,56114,,,,
3371,56114,,,,
3372,53311,5331,533,53,5
3378,31431,,,,
3379,31431,,,,
3380,127111,,,,
3382,31262,,,,
3383,31262,,,,
3387,31262,,,,
3391,31251,3125,312,31,3
3394,31321,,,,
3396,121321,12132,1213,121,12
3398,121321,12132,1213,121,12
3399,121321,12132,1213,121,12
3400,121321,12132,1213,121,12
3401,121321,12132,1213,121,12
3402,121321,12132,1213,121,12
3403,121321,12132,1213,121,12
3404,121321,12132,1213,121,12
3405,121321,12132,1213,121,12
3406,121321,12132,1213,121,12
3407,121321,12132,1213,121,12
3408,121321,12132,1213,121,12
3409,121321,,,,
3410,121321,12132,1213,121,12
3411,121321,,,,
3412,121321,,,,
3413,121321,12132,1213,121,12
3414,121321,12132,1213,121,12
3415,121321,12132,1213,121,12
3416,121321,,,,
3417,121321,,,,
3418,121321,,,,
3419,121121,12112,1211,121,12
3420,121121,,,,
3421,121121,,,,
3422,123211,12321,1232,123,12
3423,56121,,,,
3424,121111,12111,1211,121,12
3425,121121,12112,1211,121,12
3426,121111,12111,1211,121,12
3427,121111,,,,
3428,121121,,,,
3429,71111,,,,
3430,92111,,,,
3431,92111,,,,
3432,92111,9211,921,92,9
3433,71311,,,,
3434,201118,,,,
3435,72111,,,,
3436,72111,7211,721,72,7
3437,72111,7211,721,72,7
3438,72111,7211,721,72,7
3440,72111,,,,
3441,72111,7211,721,72,7
3442,72111,,,,
3443,72111,7211,721,72,7
3444,72111,,,,
3445,31311,3131,313,31,3
3446,72111,,,,
3447,72111,7211,721,72,7
3448,72111,,,,
3449,72111,,,,
3450,72111,7211,721,72,7
3451,72111,,,,
3452,72111,,,,
3453,72111,,,,
3454,72111,,,,
3455,72111,,,,
3456,72111,,,,
3457,72111,,,,
3458,72111,,,,
3459,72111,,,,
3460,72111,7211,721,72,7
3461,72211,7221,722,72,7
3462,73611,7361,736,73,7
3463,43111,4311,431,43,4
3464,43111,4311,431,43,4
3465,43111,4311,431,43,4
3466,43111,4311,431,43,4
3468,43111,4311,431,43,4
3469,43111,4311,431,43,4
3470,53111,5311,531,53,5
3472,43111,,,,
3475,55222,5522,552,55,5
3476,55222,5522,552,55,5
3477,55222,5522,552,55,5
3482,43111,4311,431,43,4
3484,43211,4321,432,43,4
3486,43211,,,,
3489,56115,,,,
3490,53131,5313,531,53,5
3492,111132,11113,1111,111,11
3493,111132,11113,1111,111,11
3494,11121,,,,
3495,11121,,,,
3498,11112,1111,111,11,1
3500,11111,1111,111,11,1
3501,11111,1111,111,11,1
3502,11113,,,,
3503,11113,1111,111,11,1
3504,11113,1111,111,11,1
3505,11113,1111,111,11,1
3506,11113,1111,111,11,1
3507,11113,,,,
3508,11113,1111,111,11,1
3514,11811,,,,
3515,11821,,,,
3520,11821,1182,118,11,1
3522,111121,11112,1111,111,11
3523,111121,11112,1111,111,11
3524,11111,,,,
3525,11111,,,,
3526,11111,1111,111,11,1
3527,11111,1111,111,11,1
3528,11111,,,,
3529,11113,1111,111,11,1
3530,11113,1111,111,11,1
3531,11113,1111,111,11,1
3532,11113,,,,
3533,11113,1111,111,11,1
3534,11113,1111,111,11,1
3535,11113,,,,
3536,11113,,,,
3537,11113,,,,
3538,11113,,,,
3539,11113,1111,111,11,1
3540,11113,,,,
3541,11113,1111,111,11,1
3542,11113,,,,
3543,11113,1111,111,11,1
3544,11113,,,,
3546,11113,1111,111,11,1
3547,111121,11112,1111,111,11
3548,111121,,,,
3549,111121,11112,1111,111,11
3550,111121,11112,1111,111,11
3551,111121,11112,1111,111,11
3553,111121,11112,1111,111,11
3554,11113,,,,
3555,111121,11112,1111,111,11
3557,11113,,,,
3558,11113,,,,
3559,11113,1111,111,11,1
3560,11113,,,,
3561,11113,,,,
3562,11113,,,,
3563,11113,,,,
3564,11113,,,,
3565,11113,1111,111,11,1
3566,11113,,,,
3570,11113,1111,111,11,1
3571,11121,1112,111,11,1
3574,111121,,,,
3575,111121,11112,1111,111,11
3576,111121,11112,1111,111,11
3577,111121,11112,1111,111,11
3578,111121,11112,1111,111,11
3579,111121,11112,1111,111,11
3580,11441,,,,
3581,11441,1144,114,11,1
3583,11311,,,,
3584,11311,1131,113,11,1
3585,11721,1172,117,11,1
3586,11712,1171,117,11,1
3587,11712,1171,117,11,1
3588,11712,1171,117,11,1
3589,11113,1111,111,11,1
3590,11113,,,,
3591,11113,1111,111,11,1
3597,111121,11112,1111,111,11
3598,111121,11112,1111,111,11
3599,111121,11112,1111,111,11
3600,111121,11112,1111,111,11
3601,111121,11112,1111,111,11
3602,111121,11112,1111,111,11
3603,111121,11112,1111,111,11
3604,111121,11112,1111,111,11
3606,111121,11112,1111,111,11
3608,111121,11112,1111,111,11
3609,111121,11112,1111,111,11
3610,111121,,,,
3611,111121,,,,
3612,111121,11112,1111,111,11
3613,111121,11112,1111,111,11
3614,111121,11112,1111,111,11
3615,111121,11112,1111,111,11
3616,111121,11112,1111,111,11
3617,111121,11112,1111,111,11
3618,111121,11112,1111,111,11
3619,111121,11112,1111,111,11
3620,111121,,,,
3621,111121,,,,
3622,111121,11112,1111,111,11
3623,111121,,,,
3624,111121,,,,
3625,111121,,,,
3626,111121,,,,
3627,111121,11112,1111,111,11
3628,111121,11112,1111,111,11
3629,111121,,,,
3630,111121,,,,
3631,111121,11112,1111,111,11
3632,111121,,,,
3633,111121,,,,
3634,111121,11112,1111,111,11
3635,111121,11112,1111,111,11
3636,111121,11112,1111,111,11
3637,111121,11112,1111,111,11
3638,111121,11112,1111,111,11
3639,111121,11112,1111,111,11
3640,111121,11112,1111,111,11
3641,111121,,,,
3642,111121,,,,
3643,111121,11112,1111,111,11
3644,111121,,,,
3645,111121,,,,
3646,111121,,,,
3647,111121,,,,
3648,111121,,,,
3649,111121,,,,
3650,111121,11112,1111,111,11
3651,111121,11112,1111,111,11
3652,111121,11112,1111,111,11
3653,111121,11112,1111,111,11
3654,111121,11112,1111,111,11
3655,111121,,,,
3657,111121,11112,1111,111,11
3658,111121,11112,1111,111,11
3659,111121,11112,1111,111,11
3660,111121,,,,
3661,111121,,,,
3662,111121,,,,
3663,111121,,,,
3664,111121,,,,
3665,111121,,,,
3666,111121,,,,
3667,111121,,,,
3668,111121,,,,
3669,111121,11112,1111,111,11
3670,111121,,,,
3671,111121,11112,1111,111,11
3672,111121,,,,
3673,111121,,,,
3674,111121,11112,1111,111,11
3675,111121,11112,1111,111,11
3677,111121,11112,1111,111,11
3678,111121,11112,1111,111,11
3679,111121,11112,1111,111,11
3680,111121,11112,1111,111,11
3681,111121,11112,1111,111,11
3682,111121,,,,
3683,111121,,,,
3684,111121,11112,1111,111,11
3685,111121,11112,1111,111,11
3686,111121,,,,
3687,111121,11112,1111,111,11
3688,111121,11112,1111,111,11
3689,111121,,,,
3690,111121,,,,
3692,111121,,,,
3693,111121,11112,1111,111,11
3694,111121,11112,1111,111,11
3695,111121,11112,1111,111,11
3696,111121,11112,1111,111,11
3697,111121,11112,1111,111,11
3698,111121,11112,1111,111,11
3699,111121,11112,1111,111,11
3700,111121,11112,1111,111,11
3701,111121,11112,1111,111,11
3702,111121,,,,
3703,111121,,,,
3704,111121,,,,
3705,111121,,,,
3706,111121,,,,
3707,111121,11112,1111,111,11
3708,111121,11112,1111,111,11
3709,111121,11112,1111,111,11
3710,111121,11112,1111,111,11
3711,111121,,,,
3712,111121,,,,
3713,111121,,,,
3714,111121,,,,
3715,111121,,,,
3716,111121,11112,1111,111,11
3717,111121,11112,1111,111,11
3718,111121,11112,1111,111,11
3719,111121,11112,1111,111,11
3720,111121,11112,1111,111,11
3721,111121,,,,
3722,111121,11112,1111,111,11
3723,111121,,,,
3724,111121,,,,
3725,111121,11112,1111,111,11
3726,111121,,,,
3727,111121,,,,
3728,111121,,,,
3729,111121,,,,
3730,111121,,,,
3731,111121,,,,
3732,111121,11112,1111,111,11
3733,111121,11112,1111,111,11
3734,111121,,,,
3735,111121,,,,
3736,111121,,,,
3759,111121,11112,1111,111,11
3760,111121,11112,1111,111,11
3761,111121,11112,1111,111,11
3762,111121,11112,1111,111,11
3763,111121,11112,1111,111,11
3764,111121,11112,1111,111,11
3765,111121,11112,1111,111,11
3766,111121,11112,1111,111,11
3767,111121,11112,1111,111,11
3768,111121,11112,1111,111,11
3769,111121,,,,
3770,111121,,,,
3771,111121,,,,
3772,111121,11112,1111,111,11
3773,111121,11112,1111,111,11
3774,111121,11112,1111,111,11
3775,111121,11112,1111,111,11
3776,111121,,,,
3777,111121,,,,
3778,111121,11112,1111,111,11
3779,111121,11112,1111,111,11
3780,111121,11112,1111,111,11
3781,111121,11112,1111,111,11
3782,111121,,,,
3783,111121,11112,1111,111,11
3784,111121,11112,1111,111,11
3785,111121,,,,
3786,111121,11112,1111,111,11
3787,111121,11112,1111,111,11
3788,111121,,,,
3789,111121,,,,
3790,111121,11112,1111,111,11
3791,111121,,,,
3792,111121,,,,
3793,111121,,,,
3794,111121,,,,
3795,111121,11112,1111,111,11
3796,111121,,,,
3797,111121,11112,1111,111,11
3798,111121,,,,
3799,111121,,,,
3800,111121,,,,
3801,111121,,,,
3802,111121,11112,1111,111,11
3803,111132,11113,1111,111,11
3804,111132,11113,1111,111,11
3805,111132,11113,1111,111,11
3807,11141,1114,111,11,1
3808,11141,,,,
3809,11141,1114,111,11,1
3810,11141,1114,111,11,1
3811,11141,,,,
3812,11141,1114,111,11,1
3813,11141,1114,111,11,1
3814,11141,,,,
3815,11141,,,,
3816,56111,,,,
3818,56112,5611,561,56,5
3820,56114,,,,
3822,56112,5611,561,56,5
3823,56112,5611,561,56,5
3824,56114,5611,561,56,5
3825,56115,,,,
3826,56115,,,,
3829,56121,,,,
3830,56121,,,,
3831,104111,,,,
3832,104111,10411,1041,104,10
3833,105111,10511,1051,105,10
3834,105111,10511,1051,105,10
3835,105111,10511,1051,105,10
3836,105111,10511,1051,105,10
3837,105111,,,,
3838,105111,10511,1051,105,10
3839,105111,,,,
3840,105111,,,,
3841,95111,9511,951,95,9
3842,62111,,,,
3843,62111,,,,
3844,62111,6211,621,62,6
3845,62111,6211,621,62,6
3846,62111,6211,621,62,6
3848,62111,,,,
3849,62311,6231,623,62,6
3850,62311,,,,
3851,62111,,,,
3852,62111,6211,621,62,6
3853,61211,6121,612,61,6
3854,61211,,,,
3855,62311,6231,623,62,6
3856,62311,6231,623,62,6
3857,62311,6231,623,62,6
3858,63111,,,,
3859,91121,9112,911,91,9
3860,91121,9112,911,91,9
3861,91121,9112,911,91,9
3862,91121,,,,
3863,91121,,,,
3864,91122,9112,911,91,9
3865,91122,9112,911,91,9
3868,95411,9541,954,95,9
3869,95411,9541,954,95,9
3870,95411,9541,954,95,9
3871,95411,9541,954,95,9
3872,95411,,,,
3873,95411,9541,954,95,9
3874,95411,9541,954,95,9
3875,95411,9541,954,95,9
3876,95411,9541,954,95,9
3877,95411,9541,954,95,9
3878,95411,9541,954,95,9
3879,95411,9541,954,95,9
3880,95411,,,,
3881,95411,9541,954,95,9
3882,95411,9541,954,95,9
3883,95411,,,,
3884,95411,9541,954,95,9
3885,95411,9541,954,95,9
3886,95411,,,,
3887,95411,9541,954,95,9
3888,95411,9541,954,95,9
3889,95411,9541,954,95,9
3891,95411,9541,954,95,9
3892,95411,9541,954,95,9
3893,95411,9541,954,95,9
3894,95411,9541,954,95,9
3895,95411,,,,
3896,95411,,,,
3897,95411,,,,
3898,95411,9541,954,95,9
3900,95411,,,,
3901,95411,9541,954,95,9
3902,95411,9541,954,95,9
3903,95411,9541,954,95,9
3904,95411,9541,954,95,9
3905,21111,2111,211,21,2
3906,21111,,,,
3907,21111,,,,
3908,21111,,,,
3909,21111,,,,
3910,21111,,,,
3911,21111,,,,
3912,21211,,,,
3913,21211,2121,212,21,2
3914,111121,,,,
3917,111121,11112,1111,111,11
3918,111121,11112,1111,111,11
3919,111121,,,,
3920,111121,,,,
3921,111121,11112,1111,111,11
3923,111121,11112,1111,111,11
3924,111121,11112,1111,111,11
3925,11611,1161,116,11,1
3926,111121,11112,1111,111,11
3928,111121,11112,1111,111,11
3929,111121,11112,1111,111,11
3931,111121,11112,1111,111,11
3932,111121,11112,1111,111,11
3933,111121,11112,1111,111,11
3934,111121,11112,1111,111,11
3935,111121,11112,1111,111,11
3936,111121,11112,1111,111,11
3937,111132,11113,1111,111,11
3938,111121,11112,1111,111,11
3939,111121,11112,1111,111,11
3940,111121,,,,
3941,111121,11112,1111,111,11
3942,111121,11112,1111,111,11
3943,111121,11112,1111,111,11
3944,111121,11112,1111,111,11
3945,111121,11112,1111,111,11
3946,111121,11112,1111,111,11
3948,111121,,,,
3949,111121,11112,1111,111,11
3950,111121,11112,1111,111,11
3951,111121,11112,1111,111,11
3952,111121,,,,
3956,111121,11112,1111,111,11
3957,111121,11112,1111,111,11
3958,111121,11112,1111,111,11
3959,111121,11112,1111,111,11
3960,111121,11112,1111,111,11
3961,111121,11112,1111,111,11
3962,111121,11112,1111,111,11
3963,111121,11112,1111,111,11
3966,111121,,,,
3967,111121,11112,1111,111,11
3968,111121,11112,1111,111,11
3969,111121,11112,1111,111,11
3970,111121,11112,1111,111,11
3971,111121,11112,1111,111,11
3972,111121,11112,1111,111,11
3973,62311,,,,
3974,62311,6231,623,62,6
3975,62311,6231,623,62,6
3976,52111,5211,521,52,5
3978,103111,10311,1031,103,10
3979,103111,10311,1031,103,10
3982,73222,,,,
3983,111121,11112,1111,111,11
3984,111121,11112,1111,111,11
3985,72111,7211,721,72,7
3986,72111,7211,721,72,7
3987,111121,,,,
3988,111121,11112,1111,111,11
3989,111121,11112,1111,111,11
3990,111121,11112,1111,111,11
3991,111121,11112,1111,111,11
3992,11611,1161,116,11,1
3993,11611,1161,116,11,1
3994,11611,1161,116,11,1
3998,31321,,,,
4000,31321,,,,
4001,31321,3132,313,31,3
4002,52121,5212,521,52,5
4003,52121,5212,521,52,5
4005,52121,5212,521,52,5
4006,52121,5212,521,52,5
4007,55211,5521,552,55,5
4008,55211,5521,552,55,5
4009,55211,5521,552,55,5
4010,55211,,,,
4011,55211,,,,
4012,55211,,,,
4013,55222,5522,552,55,5
4015,55222,5522,552,55,5
4016,56121,5612,561,56,5
4017,56121,,,,
4018,92211,9221,922,92,9
4019,92211,,,,
4020,92211,,,,
4021,92211,,,,
4022,92211,9221,922,92,9
4023,92211,,,,
4024,92211,9221,922,92,9
4025,92211,9221,922,92,9
4026,92211,,,,
4027,92211,,,,
4028,92211,,,,
4029,92211,,,,
4030,92211,,,,
4031,92211,9221,922,92,9
4032,92211,,,,
4033,92211,,,,
4034,92211,9221,922,92,9
4035,92211,,,,
4036,92211,,,,
4037,92211,9221,922,92,9
4038,92211,,,,
4039,92211,,,,
4040,93111,,,,
4041,93111,,,,
4042,93211,,,,
4043,93211,9321,932,93,9
4044,93211,9321,932,93,9
4045,93211,9321,932,93,9
4046,93211,9321,932,93,9
4047,93211,,,,
4048,93211,,,,
4049,93211,9321,932,93,9
4050,93211,,,,
4051,93211,,,,
4052,93211,,,,
4053,93211,9321,932,93,9
4054,93211,9321,932,93,9
4055,93411,,,,
4056,93411,,,,
4057,93411,,,,
4058,93411,,,,
4059,93411,,,,
4060,93411,9341,934,93,9
4061,93411,9341,934,93,9
4062,93411,9341,934,93,9
4063,94221,9422,942,94,9
4064,94221,9422,942,94,9
4065,94231,9423,942,94,9
4066,94231,,,,
4067,94231,,,,
4068,94231,9423,942,94,9
4069,123111,,,,
4070,123211,,,,
4071,123211,12321,1232,123,12
4072,123211,,,,
4073,111121,11112,1111,111,11
4074,111121,11112,1111,111,11
4075,111121,11112,1111,111,11
4076,111132,11113,1111,111,11
4078,111121,,,,
4079,111121,11112,1111,111,11
4080,111121,11112,1111,111,11
4081,111121,11112,1111,111,11
4082,111121,11112,1111,111,11
4083,111121,11112,1111,111,11
4085,111121,,,,
4086,111121,11112,1111,111,11
4087,111121,11112,1111,111,11
4088,111121,11112,1111,111,11
4090,111121,11112,1111,111,11
4091,111121,11112,1111,111,11
4093,111121,,,,
4094,111121,11112,1111,111,11
4095,111121,11112,1111,111,11
4097,111121,11112,1111,111,11
4098,111121,11112,1111,111,11
4099,111121,11112,1111,111,11
4100,111121,11112,1111,111,11
4101,111121,11112,1111,111,11
4102,111121,11112,1111,111,11
4103,111121,11112,1111,111,11
4105,111121,11112,1111,111,11
4106,111121,11112,1111,111,11
4107,111121,11112,1111,111,11
4108,111121,11112,1111,111,11
4109,111121,11112,1111,111,11
4111,111121,11112,1111,111,11
4112,111121,11112,1111,111,11
4113,111121,11112,1111,111,11
4114,111121,11112,1111,111,11
4115,111121,11112,1111,111,11
4117,111121,11112,1111,111,11
4118,111121,11112,1111,111,11
4119,111121,11112,1111,111,11
4120,111121,11112,1111,111,11
4121,111121,11112,1111,111,11
4123,111121,11112,1111,111,11
4124,111121,11112,1111,111,11
4125,111121,11112,1111,111,11
4126,111121,11112,1111,111,11
4127,111121,11112,1111,111,11
4128,111121,11112,1111,111,11
4129,111121,11112,1111,111,11
4130,111121,11112,1111,111,11
4131,111121,,,,
4132,111121,11112,1111,111,11
4133,111121,11112,1111,111,11
4134,111121,11112,1111,111,11
4135,111121,11112,1111,111,11
4136,111121,11112,1111,111,11
4137,111121,11112,1111,111,11
4138,111121,11112,1111,111,11
4140,111121,11112,1111,111,11
4141,111121,11112,1111,111,11
4142,111121,11112,1111,111,11
4143,62311,6231,623,62,6
4144,111121,11112,1111,111,11
4145,111121,11112,1111,111,11
4146,111121,,,,
4147,111121,11112,1111,111,11
4148,11112,1111,111,11,1
4149,11112,1111,111,11,1
4150,111121,11112,1111,111,11
4151,201122,20112,2011,201,20
4152,62311,6231,623,62,6
4153,62311,6231,623,62,6
4154,111121,11112,1111,111,11
4155,55211,5521,552,55,5
4156,111121,11112,1111,111,11
4157,111121,11112,1111,111,11
4158,111121,11112,1111,111,11
4159,111121,11112,1111,111,11
4160,111121,11112,1111,111,11
4161,111121,,,,
4162,111121,11112,1111,111,11
4163,201115,20111,2011,201,20
4164,56114,5611,561,56,5
4165,111121,11112,1111,111,11
4166,111121,11112,1111,111,11
4167,61151,6115,611,61,6
4168,111121,11112,1111,111,11
4169,111121,11112,1111,111,11
4170,111121,11112,1111,111,11
4171,111121,11112,1111,111,11
4172,111121,11112,1111,111,11
4173,111121,11112,1111,111,11
4175,111121,,,,
4176,111121,11112,1111,111,11
4178,111121,11112,1111,111,11
4179,111121,11112,1111,111,11
4180,111121,11112,1111,111,11
4182,111121,11112,1111,111,11
4183,111121,11112,1111,111,11
4187,111121,11112,1111,111,11
4188,111121,11112,1111,111,11
4189,111121,11112,1111,111,11
4190,104111,10411,1041,104,10
4191,32113,3211,321,32,3
4192,111121,11112,1111,111,11
4193,111121,11112,1111,111,11
4194,111121,11112,1111,111,11
4195,111121,11112,1111,111,11
4196,111121,11112,1111,111,11
4197,111121,11112,1111,111,11
4198,111121,11112,1111,111,11
4199,11222,1122,112,11,1
4203,31262,,,,
4207,111121,11112,1111,111,11
4208,51311,5131,513,51,5
4209,51311,,,,
4210,51311,,,,
4211,111121,11112,1111,111,11
4225,51211,5121,512,51,5
4226,51211,,,,
4227,201119,20111,2011,201,20
4229,111121,11112,1111,111,11
4230,111121,11112,1111,111,11
4231,111121,11112,1111,111,11
4232,111121,11112,1111,111,11
4233,111121,11112,1111,111,11
4234,111121,11112,1111,111,11
4235,111121,11112,1111,111,11
4236,111121,11112,1111,111,11
4237,111121,11112,1111,111,11
4238,111121,11112,1111,111,11
4239,111121,11112,1111,111,11
4240,111121,11112,1111,111,11
4241,72111,7211,721,72,7
4242,72111,7211,721,72,7
4243,111121,11112,1111,111,11
4244,111121,11112,1111,111,11
4245,111121,11112,1111,111,11
4246,111121,11112,1111,111,11
4247,111121,11112,1111,111,11
4248,111121,11112,1111,111,11
4249,111121,11112,1111,111,11
4250,111121,11112,1111,111,11
4251,111121,11112,1111,111,11
4252,111121,11112,1111,111,11
4253,95111,9511,951,95,9
4254,111121,11112,1111,111,11
4255,111121,,,,
4256,111121,11112,1111,111,11
4257,61311,6131,613,61,6
4258,61311,6131,613,61,6
4259,61311,6131,613,61,6
4260,61311,,,,
4261,11511,1151,115,11,1
4263,62111,6211,621,62,6
4264,111121,11112,1111,111,11
4265,201111,,,,
4266,111121,,,,
4267,95411,9541,954,95,9
4269,11611,1161,116,11,1
4270,62111,6211,621,62,6
4271,62111,6211,621,62,6
4272,62311,,,,
4273,62311,6231,623,62,6
4274,62311,6231,623,62,6
4275,62311,6231,623,62,6
4276,62311,6231,623,62,6
4277,62311,6231,623,62,6
4278,62311,6231,623,62,6
4279,62311,6231,623,62,6
4280,62311,6231,623,62,6
4281,62311,6231,623,62,6
4282,62311,6231,623,62,6
4283,62311,6231,623,62,6
4284,62311,6231,623,62,6
4285,62311,6231,623,62,6
4286,62311,6231,623,62,6
4287,62311,,,,
4288,62311,,,,
4289,62311,,,,
4290,62311,,,,
4291,62311,,,,
4292,62311,6231,623,62,6
4293,62311,,,,
4294,62311,,,,
4295,62311,,,,
4296,62311,,,,
4297,62311,6231,623,62,6
4298,62311,6231,623,62,6
4299,62311,,,,
4300,62311,,,,
4301,62311,6231,623,62,6
4302,62311,,,,
4303,62311,,,,
4304,62311,,,,
4305,62311,6231,623,62,6
4306,62311,,,,
4307,62311,6231,623,62,6
4308,62311,6231,623,62,6
4309,62311,6231,623,62,6
4310,62311,,,,
4311,62311,6231,623,62,6
4312,62311,6231,623,62,6
4313,62311,6231,623,62,6
4314,62311,,,,
4315,62311,6231,623,62,6
4316,62311,,,,
4317,62311,,,,
4318,62311,6231,623,62,6
4319,62311,6231,623,62,6
4320,62311,6231,623,62,6
4321,62311,6231,623,62,6
4322,62311,6231,623,62,6
4323,62311,6231,623,62,6
4324,62311,6231,623,62,6
4325,62311,6231,623,62,6
4326,62311,6231,623,62,6
4327,62311,6231,623,62,6
4328,62311,6231,623,62,6
4329,62311,,,,
4330,62311,6231,623,62,6
4331,62311,6231,623,62,6
4332,62311,6231,623,62,6
4333,62311,6231,623,62,6
4334,62311,6231,623,62,6
4335,62311,6231,623,62,6
4336,62311,6231,623,62,6
4337,62311,6231,623,62,6
4338,62311,6231,623,62,6
4339,62311,6231,623,62,6
4340,62311,6231,623,62,6
4341,62311,,,,
4342,72111,7211,721,72,7
4343,72111,7211,721,72,7
4344,201118,20111,2011,201,20
4345,72111,,,,
4346,201118,,,,
4347,72111,,,,
4348,72111,,,,
4349,201118,,,,
4350,201118,,,,
4351,53121,5312,531,53,5
4352,111121,11112,1111,111,11
4353,111121,11112,1111,111,11
4354,111121,11112,1111,111,11
4355,111121,11112,1111,111,11
4356,73211,,,,
4357,73211,,,,
4358,73221,,,,
4359,73221,,,,
4360,111121,11112,1111,111,11
4361,111121,11112,1111,111,11
4363,111121,11112,1111,111,11
4364,111121,11112,1111,111,11
4365,111121,11112,1111,111,11
4366,111121,11112,1111,111,11
4367,111121,11112,1111,111,11
4368,111121,11112,1111,111,11
4369,11821,1182,118,11,1
4370,111121,11112,1111,111,11
4371,201116,20111,2011,201,20
4372,43211,4321,432,43,4
4373,91112,9111,911,91,9
4374,11921,1192,119,11,1
4375,111121,11112,1111,111,11
4376,91411,9141,914,91,9
4377,91411,9141,914,91,9
4378,91411,,,,
4379,11921,1192,119,11,1
4380,11711,,,,
4381,111121,11112,1111,111,11
4382,95411,,,,
4383,95411,9541,954,95,9
4384,111121,11112,1111,111,11
4385,111121,11112,1111,111,11
4386,111121,11112,1111,111,11
4387,111121,11112,1111,111,11
4388,111121,11112,1111,111,11
4389,111121,11112,1111,111,11
4390,111121,11112,1111,111,11
4392,111121,11112,1111,111,11
4393,111121,11112,1111,111,11
4394,11713,,,,
4395,11713,,,,
4396,11611,,,,
4398,111121,11112,1111,111,11
4399,11921,1192,119,11,1
4400,11921,1192,119,11,1
4401,11921,1192,119,11,1
4402,11711,,,,
4403,11711,1171,117,11,1
4404,11921,1192,119,11,1
4405,11921,1192,119,11,1
4406,11132,1113,111,11,1
4408,11921,,,,
4409,11711,,,,
4410,11921,,,,
4411,111121,11112,1111,111,11
4412,111121,11112,1111,111,11
4413,11911,1191,119,11,1
4414,11311,1131,113,11,1
4415,111121,11112,1111,111,11
4416,111121,11112,1111,111,11
4417,111121,11112,1111,111,11
4418,111121,11112,1111,111,11
4419,111121,11112,1111,111,11
4420,111121,11112,1111,111,11
4421,111121,11112,1111,111,11
4422,111121,11112,1111,111,11
4423,111121,11112,1111,111,11
4424,111121,,,,
4425,62311,,,,
4426,11921,,,,
4427,11931,,,,
4428,11911,,,,
4429,111121,11112,1111,111,11
4430,111121,11112,1111,111,11
4431,111121,11112,1111,111,11
4432,111121,11112,1111,111,11
4433,111121,11112,1111,111,11
4434,111121,11112,1111,111,11
4435,111121,11112,1111,111,11
4436,111121,11112,1111,111,11
4437,111121,11112,1111,111,11
4438,111121,11112,1111,111,11
4439,111121,11112,1111,111,11
4440,111121,11112,1111,111,11
4441,62111,,,,
4443,111121,11112,1111,111,11
4444,111121,11112,1111,111,11
4445,111121,11112,1111,111,11
4446,111121,11112,1111,111,11
4447,111121,11112,1111,111,11
4448,111132,11113,1111,111,11
4449,111121,11112,1111,111,11
4450,111121,11112,1111,111,11
4451,111121,11112,1111,111,11
4453,111121,11112,1111,111,11
4454,111121,11112,1111,111,11
4455,111121,11112,1111,111,11
4456,111121,11112,1111,111,11
4457,111121,11112,1111,111,11
4458,111121,11112,1111,111,11
4459,111121,11112,1111,111,11
4460,11621,1162,116,11,1
4461,11621,1162,116,11,1
4462,121111,,,,
4463,121111,,,,
4464,121111,,,,
4465,111121,11112,1111,111,11
4466,111121,11112,1111,111,11
4467,111121,11112,1111,111,11
4470,111121,11112,1111,111,11
4471,111121,11112,1111,111,11
4472,111121,11112,1111,111,11
4473,111121,11112,1111,111,11
4474,111121,11112,1111,111,11
4475,111121,11112,1111,111,11
4477,121121,,,,
4478,121311,,,,
4482,111121,11112,1111,111,11
4483,111121,11112,1111,111,11
4484,111121,11112,1111,111,11
4485,111121,11112,1111,111,11
4486,111121,11112,1111,111,11
4488,111121,11112,1111,111,11
4489,111121,11112,1111,111,11
4490,111121,11112,1111,111,11
4491,72111,7211,721,72,7
4492,123211,12321,1232,123,12
4494,111121,11112,1111,111,11
4495,55211,5521,552,55,5
4501,121321,12132,1213,121,12
4502,121321,12132,1213,121,12
4503,121321,,,,
4504,121321,12132,1213,121,12
4505,121321,12132,1213,121,12
4506,111121,11112,1111,111,11
4507,111121,11112,1111,111,11
4508,111121,11112,1111,111,11
4512,111121,11112,1111,111,11
4513,111121,11112,1111,111,11
4514,111121,11112,1111,111,11
4516,111121,11112,1111,111,11
4517,111121,11112,1111,111,11
4518,111121,11112,1111,111,11
4519,111121,11112,1111,111,11
4520,111121,11112,1111,111,11
4521,111121,11112,1111,111,11
4523,111121,11112,1111,111,11
4524,111121,11112,1111,111,11
4525,111121,11112,1111,111,11
4527,111121,,,,
4528,111121,11112,1111,111,11
4529,111121,11112,1111,111,11
4530,111121,11112,1111,111,11
4531,111121,11112,1111,111,11
4532,111121,11112,1111,111,11
4533,111121,11112,1111,111,11
4534,111121,11112,1111,111,11
4535,111121,11112,1111,111,11
4536,111121,11112,1111,111,11
4537,111121,11112,1111,111,11
4538,104111,10411,1041,104,10
4539,111121,11112,1111,111,11
4540,104111,10411,1041,104,10
4541,104111,10411,1041,104,10
4542,12111,1211,121,12,1
4543,95411,9541,954,95,9
4544,111121,11112,1111,111,11
4546,111121,,,,
4547,111121,11112,1111,111,11
4548,111121,,,,
4550,111121,11112,1111,111,11
4552,111121,11112,1111,111,11
4553,111121,11112,1111,111,11
4554,111121,11112,1111,111,11
4555,111121,,,,
4556,111121,11112,1111,111,11
4557,111121,11112,1111,111,11
4558,111121,,,,
4559,111132,11113,1111,111,11
4560,111121,11112,1111,111,11
4561,111121,11112,1111,111,11
4562,111121,11112,1111,111,11
4563,111121,,,,
4564,111141,11114,1111,111,11
4565,111121,11112,1111,111,11
4566,111121,11112,1111,111,11
4567,111121,11112,1111,111,11
4568,111121,11112,1111,111,11
4569,111121,11112,1111,111,11
4570,111121,11112,1111,111,11
4571,111121,11112,1111,111,11
4572,111121,11112,1111,111,11
4573,111121,11112,1111,111,11
4574,111121,11112,1111,111,11
4575,111121,11112,1111,111,11
4576,11113,1111,111,11,1
4577,111121,11112,1111,111,11
4578,111121,11112,1111,111,11
4579,111121,11112,1111,111,11
4580,111121,11112,1111,111,11
4581,111121,11112,1111,111,11
4582,111121,11112,1111,111,11
4583,111121,11112,1111,111,11
4584,111121,11112,1111,111,11
4585,111121,11112,1111,111,11
4586,111121,11112,1111,111,11
4587,111121,11112,1111,111,11
4588,111121,11112,1111,111,11
4590,111121,11112,1111,111,11
4591,111121,11112,1111,111,11
4593,111121,11112,1111,111,11
4594,111121,11112,1111,111,11
4595,111121,,,,
4596,111121,11112,1111,111,11
4597,111121,11112,1111,111,11
4598,111121,11112,1111,111,11
4600,111121,11112,1111,111,11
4601,111121,11112,1111,111,11
4602,111121,11112,1111,111,11
4603,111121,11112,1111,111,11
4604,111121,11112,1111,111,11
4605,111121,11112,1111,111,11
4606,111121,11112,1111,111,11
4607,111121,11112,1111,111,11
4608,111121,11112,1111,111,11
4609,111121,,,,
4610,111121,11112,1111,111,11
4611,11113,1111,111,11,1
4613,111121,11112,1111,111,11
4614,111121,11112,1111,111,11
4615,111121,11112,1111,111,11
4616,111121,11112,1111,111,11
4617,111121,11112,1111,111,11
4618,111121,11112,1111,111,11
4620,111121,11112,1111,111,11
4621,111121,11112,1111,111,11
4622,111121,11112,1111,111,11
4623,111121,11112,1111,111,11
4624,111121,11112,1111,111,11
4625,111121,11112,1111,111,11
4626,111121,11112,1111,111,11
4627,111121,11112,1111,111,11
4628,111121,11112,1111,111,11
4629,111121,11112,1111,111,11
4630,111121,11112,1111,111,11
4631,111121,11112,1111,111,11
4632,111121,11112,1111,111,11
4633,111121,11112,1111,111,11
4634,111121,11112,1111,111,11
4635,111121,11112,1111,111,11
4636,111121,11112,1111,111,11
4637,111121,11112,1111,111,11
4638,111121,11112,1111,111,11
4639,111121,11112,1111,111,11
4640,111121,11112,1111,111,11
4641,111121,11112,1111,111,11
4642,111121,11112,1111,111,11
4643,111121,,,,
4644,111121,11112,1111,111,11
4645,111121,11112,1111,111,11
4646,111121,11112,1111,111,11
4647,111121,,,,
4648,111121,11112,1111,111,11
4649,111121,11112,1111,111,11
4650,111121,11112,1111,111,11
4651,111121,11112,1111,111,11
4652,111121,11112,1111,111,11
4653,111121,11112,1111,111,11
4654,111121,,,,
4655,111121,11112,1111,111,11
4656,111121,11112,1111,111,11
4657,111121,11112,1111,111,11
4658,111121,11112,1111,111,11
4659,111121,11112,1111,111,11
4661,111121,11112,1111,111,11
4662,111121,11112,1111,111,11
4663,111121,11112,1111,111,11
4664,111121,11112,1111,111,11
4665,111121,,,,
4666,111121,11112,1111,111,11
4668,111121,11112,1111,111,11
4669,11821,1182,118,11,1
4670,111121,11112,1111,111,11
4671,111121,11112,1111,111,11
4672,111121,11112,1111,111,11
4676,111121,11112,1111,111,11
4677,111121,11112,1111,111,11
4678,111121,,,,
4679,111121,11112,1111,111,11
4680,111121,11112,1111,111,11
4681,111121,11112,1111,111,11
4682,111121,11112,1111,111,11
4683,72111,7211,721,72,7
4684,72111,7211,721,72,7
4685,56121,5612,561,56,5
4690,95311,9531,953,95,9
4691,123111,12311,1231,123,12
4692,72111,7211,721,72,7
4694,126211,,,,
4695,95411,9541,954,95,9
4696,111132,11113,1111,111,11
4697,105111,,,,
4698,62111,6211,621,62,6
4699,72111,7211,721,72,7
4700,93111,9311,931,93,9
4701,11831,1183,118,11,1
4702,11831,1183,118,11,1
4704,62311,6231,623,62,6
4705,111132,11113,1111,111,11
4707,11222,1122,112,11,1
4708,104111,10411,1041,104,10
4709,62111,6211,621,62,6
4710,111121,11112,1111,111,11
4711,111121,11112,1111,111,11
4712,111121,,,,
4714,111121,,,,
4715,111121,11112,1111,111,11
4716,111121,,,,
4717,111121,11112,1111,111,11
4718,111121,,,,
4719,111121,11112,1111,111,11
4720,111121,11112,1111,111,11
4721,111121,11112,1111,111,11
4722,111121,11112,1111,111,11
4723,111121,11112,1111,111,11
4724,111121,11112,1111,111,11
4725,111121,11112,1111,111,11
4726,111121,,,,
4727,111121,11112,1111,111,11
4728,111121,11112,1111,111,11
4729,111121,11112,1111,111,11
4730,111121,11112,1111,111,11
4731,111121,11112,1111,111,11
4732,111121,11112,1111,111,11
4733,111121,11112,1111,111,11
4734,111121,11112,1111,111,11
4735,111121,11112,1111,111,11
4736,111121,11112,1111,111,11
4737,111121,11112,1111,111,11
4738,111121,11112,1111,111,11
4739,111121,11112,1111,111,11
4740,111121,11112,1111,111,11
4741,111121,11112,1111,111,11
4742,111121,11112,1111,111,11
4743,111121,11112,1111,111,11
4744,111121,11112,1111,111,11
4745,111121,11112,1111,111,11
4746,111121,,,,
4747,111121,11112,1111,111,11
4748,111121,11112,1111,111,11
4749,111121,11112,1111,111,11
4750,111121,11112,1111,111,11
4751,111121,11112,1111,111,11
4752,111121,11112,1111,111,11
4753,111121,11112,1111,111,11
4754,111132,11113,1111,111,11
4755,111132,11113,1111,111,11
4757,72111,7211,721,72,7
4758,72111,7211,721,72,7
4759,72111,7211,721,72,7
4760,72111,,,,
4761,31262,,,,
4763,72111,7211,721,72,7
4764,111121,11112,1111,111,11
4765,111121,11112,1111,111,11
4766,111121,11112,1111,111,11
4767,111121,11112,1111,111,11
4768,111121,11112,1111,111,11
4769,111121,11112,1111,111,11
4770,111121,11112,1111,111,11
4771,111121,11112,1111,111,11
4772,111121,,,,
4773,111121,11112,1111,111,11
4774,111121,11112,1111,111,11
4775,111121,11112,1111,111,11
4776,111121,11112,1111,111,11
4777,111121,11112,1111,111,11
4778,111121,11112,1111,111,11
4779,111121,11112,1111,111,11
4780,111121,11112,1111,111,11
4781,111121,11112,1111,111,11
4782,111121,,,,
4783,111121,11112,1111,111,11
4784,111121,11112,1111,111,11
4785,111121,11112,1111,111,11
4786,111121,11112,1111,111,11
4787,111121,11112,1111,111,11
4788,111121,11112,1111,111,11
4789,111121,,,,
4790,111121,,,,
4791,111121,11112,1111,111,11
4792,111121,11112,1111,111,11
4793,111121,,,,
4794,111121,,,,
4795,111121,11112,1111,111,11
4796,111121,11112,1111,111,11
4797,111121,11112,1111,111,11
4798,111121,,,,
4799,111121,11112,1111,111,11
4802,111121,11112,1111,111,11
4803,111121,11112,1111,111,11
4804,111121,11112,1111,111,11
4805,111121,11112,1111,111,11
4806,111121,11112,1111,111,11
4807,111121,11112,1111,111,11
4808,111121,11112,1111,111,11
4809,111121,11112,1111,111,11
4810,111121,11112,1111,111,11
4811,111121,11112,1111,111,11
4812,43211,4321,432,43,4
4813,105111,10511,1051,105,10
4814,127111,,,,
4815,51121,5112,511,51,5
4816,43211,4321,432,43,4
4817,121321,12132,1213,121,12
4819,201116,20111,2011,201,20
4820,51111,,,,
4821,51111,5111,511,51,5
4822,55211,5521,552,55,5
4823,62311,6231,623,62,6
4824,111121,11112,1111,111,11
4825,111121,11112,1111,111,11
4826,111121,,,,
4827,111121,11112,1111,111,11
4828,111121,,,,
4829,111121,11112,1111,111,11
4830,111121,11112,1111,111,11
4831,111121,11112,1111,111,11
4832,111121,11112,1111,111,11
4833,111121,11112,1111,111,11
4834,111121,11112,1111,111,11
4835,111121,,,,
4837,111121,11112,1111,111,11
4838,111121,11112,1111,111,11
4839,11821,1182,118,11,1
4840,111121,,,,
4841,111121,11112,1111,111,11
4842,111121,11112,1111,111,11
4844,111121,,,,
4845,111121,11112,1111,111,11
4846,111121,11112,1111,111,11
4847,111121,11112,1111,111,11
4848,111121,11112,1111,111,11
4849,111121,11112,1111,111,11
4850,111121,11112,1111,111,11
4851,111121,11112,1111,111,11
4852,111121,11112,1111,111,11
4853,111121,11112,1111,111,11
4854,111121,11112,1111,111,11
4855,111121,11112,1111,111,11
4856,111121,11112,1111,111,11
4857,111121,,,,
4858,111121,11112,1111,111,11
4859,111121,11112,1111,111,11
4860,111121,,,,
4861,111121,11112,1111,111,11
4862,111121,11112,1111,111,11
4863,111121,11112,1111,111,11
4864,111121,11112,1111,111,11
4865,111121,11112,1111,111,11
4866,111121,11112,1111,111,11
4867,111121,11112,1111,111,11
4869,111121,11112,1111,111,11
4870,111121,11112,1111,111,11
4871,111121,11112,1111,111,11
4872,111121,,,,
4873,111121,,,,
4874,111121,11112,1111,111,11
4875,111121,11112,1111,111,11
4876,111121,11112,1111,111,11
4877,111121,11112,1111,111,11
4879,111121,11112,1111,111,11
4881,123111,12311,1231,123,12
4882,11222,1122,112,11,1
4883,127111,,,,
4884,11921,1192,119,11,1
4886,11931,1193,119,11,1
4887,11311,,,,
4888,11311,1131,113,11,1
4889,127111,,,,
4890,126211,,,,
4891,72111,7211,721,72,7
4892,72111,7211,721,72,7
4893,32113,3211,321,32,3
4894,55211,5521,552,55,5
4895,127111,12711,1271,127,12
4896,11821,1182,118,11,1
4897,52121,5212,521,52,5
4899,51111,5111,511,51,5
4900,93411,9341,934,93,9
4901,62311,6231,623,62,6
4902,56121,,,,
4903,32131,3213,321,32,3
4904,61311,6131,613,61,6
4905,61311,6131,613,61,6
4906,62311,6231,623,62,6
4907,111121,11112,1111,111,11
4908,111121,11112,1111,111,11
4909,111121,11112,1111,111,11
4910,111121,11112,1111,111,11
4911,111121,11112,1111,111,11
4912,11941,,,,
4913,11113,1111,111,11,1
4914,11113,1111,111,11,1
4915,11321,1132,113,11,1
4916,11321,1132,113,11,1
4917,11321,1132,113,11,1
4918,11321,1132,113,11,1
4919,11411,1141,114,11,1
4920,11411,1141,114,11,1
4921,11411,1141,114,11,1
4922,44111,,,,
4923,56121,,,,
4924,56121,,,,
4925,61311,6131,613,61,6
4926,61311,6131,613,61,6
4927,93111,9311,931,93,9
4928,93111,9311,931,93,9
4929,111121,11112,1111,111,11
4930,111121,11112,1111,111,11
4931,111121,,,,
4932,111121,11112,1111,111,11
4933,111121,11112,1111,111,11
4934,111121,11112,1111,111,11
4935,111121,,,,
4936,111121,,,,
4937,111132,11113,1111,111,11
4938,111132,,,,
4939,111132,,,,
4940,123211,12321,1232,123,12
4941,123211,,,,
4942,123211,12321,1232,123,12
4943,123211,,,,
4944,123211,12321,1232,123,12
4945,123211,12321,1232,123,12
4946,123211,12321,1232,123,12
4947,123211,,,,
4948,11921,1192,119,11,1
4949,123211,12321,1232,123,12
4950,123211,12321,1232,123,12
4951,123211,,,,
4952,11932,1193,119,11,1
4953,105111,,,,
4954,91112,9111,911,91,9
4955,111121,11112,1111,111,11
4956,111121,11112,1111,111,11
4957,111121,11112,1111,111,11
4958,111121,11112,1111,111,11
4959,111121,,,,
4960,111121,11112,1111,111,11
4961,111121,11112,1111,111,11
4962,111121,11112,1111,111,11
4963,111121,11112,1111,111,11
4964,111121,,,,
4965,72111,7211,721,72,7
4966,72111,,,,
4967,72111,7211,721,72,7
4968,72111,7211,721,72,7
4969,105111,10511,1051,105,10
4970,111121,11112,1111,111,11
4971,94121,9412,941,94,9
4972,111121,11112,1111,111,11
4973,111121,11112,1111,111,11
4974,101111,10111,1011,101,10
4975,111121,11112,1111,111,11
4976,111121,11112,1111,111,11
4977,111121,11112,1111,111,11
4978,111121,11112,1111,111,11
4979,111121,11112,1111,111,11
4980,111132,11113,1111,111,11
4981,111121,11112,1111,111,11
4982,111121,11112,1111,111,11
4983,111121,11112,1111,111,11
4984,111121,11112,1111,111,11
4985,111121,11112,1111,111,11
4986,11113,1111,111,11,1
4987,111121,11112,1111,111,11
4988,11113,1111,111,11,1
4989,111132,11113,1111,111,11
4990,111121,11112,1111,111,11
4991,111121,11112,1111,111,11
4992,111121,11112,1111,111,11
4993,111121,11112,1111,111,11
4994,111121,11112,1111,111,11
4996,93111,,,,
4997,93111,9311,931,93,9
4999,11611,1161,116,11,1
5000,52111,5211,521,52,5
5001,62311,6231,623,62,6
5002,62311,6231,623,62,6
5003,62311,,,,
5004,111121,,,,
5005,123211,12321,1232,123,12
5006,111121,11112,1111,111,11
5008,111121,11112,1111,111,11
5009,111121,,,,
5010,111121,11112,1111,111,11
5011,111121,11112,1111,111,11
5012,111121,11112,1111,111,11
5013,111121,11112,1111,111,11
5015,51131,5113,511,51,5
5016,111121,11112,1111,111,11
5017,111121,,,,
5018,111121,11112,1111,111,11
5019,111121,11112,1111,111,11
5020,111132,11113,1111,111,11
5021,126211,,,,
5022,11113,,,,
5023,111121,11112,1111,111,11
5024,31311,3131,313,31,3
5025,111121,11112,1111,111,11
5026,111121,11112,1111,111,11
5027,111121,11112,1111,111,11
5028,111121,11112,1111,111,11
5029,111121,11112,1111,111,11
5030,111121,11112,1111,111,11
5031,111121,11112,1111,111,11
5032,111121,11112,1111,111,11
5033,111121,11112,1111,111,11
5034,111121,11112,1111,111,11
5035,111121,11112,1111,111,11
5036,111121,11112,1111,111,11
5037,111121,11112,1111,111,11
5038,111121,11112,1111,111,11
5039,111121,11112,1111,111,11
5040,111132,11113,1111,111,11
5041,72111,7211,721,72,7
5042,11113,1111,111,11,1
5043,111121,11112,1111,111,11
5045,111121,11112,1111,111,11
5046,111121,11112,1111,111,11
5047,111121,11112,1111,111,11
5048,111121,11112,1111,111,11
5049,12231,1223,122,12,1
5050,111121,11112,1111,111,11
5051,111121,11112,1111,111,11
5052,111121,11112,1111,111,11
5053,111121,11112,1111,111,11
5055,111121,11112,1111,111,11
5056,111121,11112,1111,111,11
5057,111121,11112,1111,111,11
5058,72111,7211,721,72,7
5059,72111,7211,721,72,7
5060,72111,7211,721,72,7
5061,201115,20111,2011,201,20
5062,111121,,,,
5063,111121,11112,1111,111,11
5064,111121,11112,1111,111,11
5065,111121,11112,1111,111,11
5066,111121,11112,1111,111,11
5067,111121,11112,1111,111,11
5068,111121,11112,1111,111,11
5069,61171,,,,
5070,111121,11112,1111,111,11
5071,111121,11112,1111,111,11
5072,111121,11112,1111,111,11
5073,121321,12132,1213,121,12
5074,111121,11112,1111,111,11
5075,111121,11112,1111,111,11
5076,111121,11112,1111,111,11
5077,111121,11112,1111,111,11
5078,111121,11112,1111,111,11
5079,111121,11112,1111,111,11
5081,111121,11112,1111,111,11
5082,111121,11112,1111,111,11
5083,111121,11112,1111,111,11
5084,111121,11112,1111,111,11
5085,111121,11112,1111,111,11
5086,111121,11112,1111,111,11
5087,111121,11112,1111,111,11
5088,111121,11112,1111,111,11
5089,111121,11112,1111,111,11
5090,111121,11112,1111,111,11
5091,111121,,,,
5092,111121,11112,1111,111,11
5093,111121,11112,1111,111,11
5094,111121,11112,1111,111,11
5097,111121,11112,1111,111,11
5098,111121,11112,1111,111,11
5099,72111,7211,721,72,7
5100,11113,1111,111,11,1
5101,111121,11112,1111,111,11
5102,95221,9522,952,95,9
5103,95111,9511,951,95,9
5104,43111,4311,431,43,4
5105,111121,11112,1111,111,11
5106,111121,11112,1111,111,11
5107,111121,11112,1111,111,11
5108,111121,11112,1111,111,11
5109,111121,11112,1111,111,11
5110,111121,11112,1111,111,11
5111,72111,7211,721,72,7
5112,111121,11112,1111,111,11
5113,111121,,,,
5116,111121,11112,1111,111,11
5117,111121,11112,1111,111,11
5118,111121,11112,1111,111,11
5119,111121,11112,1111,111,11
5120,111121,11112,1111,111,11
5121,111121,11112,1111,111,11
5122,32131,3213,321,32,3
5125,72111,7211,721,72,7
5126,111121,11112,1111,111,11
5127,111121,11112,1111,111,11
5128,54131,5413,541,54,5
5129,95121,9512,951,95,9
5131,72111,7211,721,72,7
5132,111121,11112,1111,111,11
5133,111121,11112,1111,111,11
5134,111121,11112,1111,111,11
5135,111121,11112,1111,111,11
5136,111121,11112,1111,111,11
5137,111121,11112,1111,111,11
5138,111121,11112,1111,111,11
5139,111121,11112,1111,111,11
5140,111121,11112,1111,111,11
5141,111121,11112,1111,111,11
5142,111121,11112,1111,111,11
5143,11821,1182,118,11,1
5144,111121,11112,1111,111,11
5145,111121,11112,1111,111,11
5147,72111,7211,721,72,7
5148,72111,7211,721,72,7
5149,61171,,,,
5150,61171,6117,611,61,6
5151,72111,,,,
5152,72111,7211,721,72,7
5153,111121,11112,1111,111,11
5154,111121,11112,1111,111,11
5155,111121,11112,1111,111,11
5156,111121,11112,1111,111,11
5157,111121,11112,1111,111,11
5158,111121,11112,1111,111,11
5159,111121,11112,1111,111,11
5160,51311,5131,513,51,5
5161,62311,6231,623,62,6
5162,111121,,,,
5163,111121,11112,1111,111,11
5164,11821,1182,118,11,1
5165,111121,11112,1111,111,11
5166,111121,11112,1111,111,11
5167,111121,11112,1111,111,11
5168,111121,11112,1111,111,11
5169,111121,11112,1111,111,11
5170,104111,10411,1041,104,10
5171,123111,12311,1231,123,12
5172,111121,11112,1111,111,11
5173,111121,11112,1111,111,11
5174,111121,11112,1111,111,11
5175,111121,11112,1111,111,11
5176,111132,11113,1111,111,11
5177,111132,11113,1111,111,11
5178,111121,11112,1111,111,11
5179,111121,11112,1111,111,11
5180,111121,11112,1111,111,11
5181,111121,11112,1111,111,11
5182,111121,11112,1111,111,11
5183,111132,11113,1111,111,11
5184,111121,,,,
5185,62111,6211,621,62,6
5186,111121,11112,1111,111,11
5187,111121,11112,1111,111,11
5188,111121,11112,1111,111,11
5189,111121,11112,1111,111,11
5190,111121,11112,1111,111,11
5191,111121,11112,1111,111,11
5192,111132,11113,1111,111,11
5193,111121,11112,1111,111,11
5194,53112,5311,531,53,5
5195,111121,11112,1111,111,11
5196,111121,11112,1111,111,11
5197,111121,11112,1111,111,11
5198,111121,11112,1111,111,11
5199,111121,11112,1111,111,11
5200,111121,11112,1111,111,11
5201,111121,11112,1111,111,11
5202,111121,11112,1111,111,11
5203,111121,11112,1111,111,11
5205,122111,12211,1221,122,12
5206,111121,11112,1111,111,11
5207,111121,11112,1111,111,11
5208,111121,11112,1111,111,11
5209,105111,10511,1051,105,10
5210,111121,11112,1111,111,11
5211,32131,3213,321,32,3
5212,11431,1143,114,11,1
5213,95411,,,,
5214,95411,,,,
5215,72111,7211,721,72,7
5216,201122,20112,2011,201,20
5217,111121,11112,1111,111,11
5218,111121,11112,1111,111,11
5219,111121,11112,1111,111,11
5220,111121,11112,1111,111,11
5221,111121,11112,1111,111,11
5222,111121,,,,
5223,111121,11112,1111,111,11
5224,111121,11112,1111,111,11
5225,111121,11112,1111,111,11
5226,111121,11112,1111,111,11
5227,111132,11113,1111,111,11
5229,111121,11112,1111,111,11
5230,111121,11112,1111,111,11
5231,111121,11112,1111,111,11
5232,111121,11112,1111,111,11
5233,111121,11112,1111,111,11
5234,111121,11112,1111,111,11
5235,111121,,,,
5236,111121,11112,1111,111,11
5237,111121,11112,1111,111,11
5238,111121,11112,1111,111,11
5239,111121,11112,1111,111,11
5241,111121,11112,1111,111,11
5242,111121,11112,1111,111,11
5243,111121,11112,1111,111,11
5244,111121,,,,
5245,111121,11112,1111,111,11
5246,111121,11112,1111,111,11
5247,111121,11112,1111,111,11
5248,111121,11112,1111,111,11
5249,53311,5331,533,53,5
5250,31291,3129,312,31,3
5251,31291,3129,312,31,3
5252,31291,3129,312,31,3
5253,93211,9321,932,93,9
5254,93211,9321,932,93,9
5255,72311,7231,723,72,7
5256,72311,7231,723,72,7
5257,72311,7231,723,72,7
5260,127111,12711,1271,127,12
5261,52111,5211,521,52,5
5262,121121,12112,1211,121,12
5263,111121,11112,1111,111,11
5264,31251,3125,312,31,3
5266,111121,11112,1111,111,11
5267,111121,11112,1111,111,11
5269,111121,11112,1111,111,11
5270,111121,11112,1111,111,11
5271,111121,11112,1111,111,11
5272,111121,11112,1111,111,11
5273,111121,11112,1111,111,11
5274,111121,,,,
5275,111121,11112,1111,111,11
5276,55221,5522,552,55,5
5277,201116,20111,2011,201,20
5278,201116,20111,2011,201,20
5280,61171,6117,611,61,6
5281,104111,10411,1041,104,10
5283,111121,11112,1111,111,11
5284,111121,11112,1111,111,11
5285,111121,11112,1111,111,11
5286,111121,11112,1111,111,11
5287,111121,11112,1111,111,11
5288,111121,11112,1111,111,11
5289,111121,11112,1111,111,11
5290,111121,11112,1111,111,11
5291,111121,11112,1111,111,11
5292,111121,11112,1111,111,11
5293,111121,11112,1111,111,11
5294,111121,11112,1111,111,11
5296,111121,11112,1111,111,11
5297,11241,,,,
5298,111132,,,,
5299,54131,5413,541,54,5
5300,111132,11113,1111,111,11
5301,11451,,,,
5302,62311,6231,623,62,6
5303,127111,,,,
5304,111121,11112,1111,111,11
5305,111121,11112,1111,111,11
5306,111121,11112,1111,111,11
5307,111121,11112,1111,111,11
5308,111121,11112,1111,111,11
5309,111121,11112,1111,111,11
5310,111121,11112,1111,111,11
5311,111121,11112,1111,111,11
5312,111121,11112,1111,111,11
5313,111121,11112,1111,111,11
5314,111121,11112,1111,111,11
5315,111121,11112,1111,111,11
5316,111121,11112,1111,111,11
5317,111121,11112,1111,111,11
5318,111121,,,,
5319,111121,11112,1111,111,11
5320,111121,11112,1111,111,11
5321,111121,11112,1111,111,11
5322,111121,11112,1111,111,11
5323,111121,11112,1111,111,11
5324,111121,11112,1111,111,11
5325,111121,11112,1111,111,11
5326,111121,11112,1111,111,11
5327,111121,11112,1111,111,11
5328,111121,11112,1111,111,11
5329,111121,11112,1111,111,11
5330,111121,11112,1111,111,11
5331,111121,11112,1111,111,11
5332,111121,11112,1111,111,11
5333,111121,,,,
5334,111121,11112,1111,111,11
5335,111121,11112,1111,111,11
5336,111121,11112,1111,111,11
5337,11431,1143,114,11,1
5338,72111,7211,721,72,7
5339,72111,7211,721,72,7
5340,95411,9541,954,95,9
5341,72311,7231,723,72,7
5342,111121,11112,1111,111,11
5343,111121,11112,1111,111,11
5344,111121,11112,1111,111,11
5345,111121,11112,1111,111,11
5346,111121,11112,1111,111,11
5347,111121,11112,1111,111,11
5348,111121,11112,1111,111,11
5349,111121,11112,1111,111,11
5350,111121,11112,1111,111,11
5351,111121,11112,1111,111,11
5354,111121,11112,1111,111,11
5355,111121,11112,1111,111,11
5356,111121,11112,1111,111,11
5357,56115,5611,561,56,5
5358,91112,9111,911,91,9
5359,93211,,,,
5360,43111,,,,
5361,51111,5111,511,51,5
5362,11321,1132,113,11,1
5363,111121,11112,1111,111,11
5364,111121,11112,1111,111,11
5365,111121,11112,1111,111,11
5366,111121,11112,1111,111,11
5367,111121,11112,1111,111,11
5368,111121,11112,1111,111,11
5369,11821,1182,118,11,1
5370,111121,11112,1111,111,11
5371,111121,11112,1111,111,11
5372,111121,11112,1111,111,11
5373,111121,11112,1111,111,11
5374,111121,11112,1111,111,11
5375,111121,11112,1111,111,11
5376,111121,11112,1111,111,11
5377,11132,1113,111,11,1
5378,93411,,,,
5379,111121,11112,1111,111,11
5380,111121,11112,1111,111,11
5381,111121,11112,1111,111,11
5382,111121,11112,1111,111,11
5383,111121,11112,1111,111,11
5385,111121,11112,1111,111,11
5386,111121,11112,1111,111,11
5387,111121,11112,1111,111,11
5388,111121,11112,1111,111,11
5389,111121,11112,1111,111,11
5390,111121,11112,1111,111,11
5391,111121,11112,1111,111,11
5392,111121,11112,1111,111,11
5393,111121,11112,1111,111,11
5394,111121,11112,1111,111,11
5395,111121,11112,1111,111,11
5396,111121,11112,1111,111,11
5397,111121,11112,1111,111,11
5398,111121,,,,
5399,111121,11112,1111,111,11
5400,93211,,,,
5401,61311,6131,613,61,6
5402,43111,4311,431,43,4
5403,62311,6231,623,62,6
5404,61311,6131,613,61,6
5405,111121,11112,1111,111,11
5406,111121,11112,1111,111,11
5407,72111,7211,721,72,7
5408,111121,11112,1111,111,11
5409,111121,11112,1111,111,11
5410,111121,11112,1111,111,11
5411,111121,11112,1111,111,11
5412,111121,11112,1111,111,11
5413,111121,11112,1111,111,11
5414,111121,11112,1111,111,11
5415,111121,11112,1111,111,11
5416,111121,11112,1111,111,11
5417,111121,11112,1111,111,11
5418,111121,11112,1111,111,11
5419,111121,11112,1111,111,11
5420,111121,11112,1111,111,11
5421,111121,11112,1111,111,11
5422,111121,11112,1111,111,11
5423,111121,11112,1111,111,11
5424,111121,11112,1111,111,11
5425,111121,,,,
5427,111121,11112,1111,111,11
5428,111121,11112,1111,111,11
5429,111121,11112,1111,111,11
5430,111121,11112,1111,111,11
5431,111121,11112,1111,111,11
5432,111121,11112,1111,111,11
5433,111121,11112,1111,111,11
5434,111121,11112,1111,111,11
5436,111121,11112,1111,111,11
5437,111121,,,,
5438,111121,11112,1111,111,11
5439,111121,11112,1111,111,11
5440,111121,11112,1111,111,11
5441,111121,11112,1111,111,11
5442,111121,11112,1111,111,11
5446,62311,6231,623,62,6
5447,72311,7231,723,72,7
5448,11431,1143,114,11,1
5449,31311,3131,313,31,3
5450,72111,7211,721,72,7
5451,105111,10511,1051,105,10
5452,105111,10511,1051,105,10
5453,32113,3211,321,32,3
5454,111121,11112,1111,111,11
5455,111121,11112,1111,111,11
5456,111121,,,,
5457,111121,11112,1111,111,11
5458,111121,11112,1111,111,11
5459,111121,11112,1111,111,11
5460,111121,11112,1111,111,11
5461,111121,11112,1111,111,11
5462,111121,11112,1111,111,11
5463,111121,11112,1111,111,11
5465,111121,11112,1111,111,11
5466,111121,11112,1111,111,11
5467,111121,11112,1111,111,11
5468,111121,11112,1111,111,11
5469,111121,11112,1111,111,11
5470,111121,11112,1111,111,11
5471,111121,11112,1111,111,11
5472,111121,11112,1111,111,11
5473,111121,11112,1111,111,11
5474,111121,11112,1111,111,11
5475,111121,11112,1111,111,11
5476,72111,7211,721,72,7
5477,72111,7211,721,72,7
5478,111121,,,,
5479,72111,7211,721,72,7
5481,111121,11112,1111,111,11
5482,111121,11112,1111,111,11
5483,111121,11112,1111,111,11
5484,111121,11112,1111,111,11
5485,111121,11112,1111,111,11
5486,111121,11112,1111,111,11
5487,62311,6231,623,62,6
5488,93211,9321,932,93,9
5489,61151,6115,611,61,6
5490,12231,1223,122,12,1
5491,105111,10511,1051,105,10
5492,51311,5131,513,51,5
5493,61171,6117,611,61,6
5494,111121,11112,1111,111,11
5495,111121,11112,1111,111,11
5496,111121,11112,1111,111,11
5497,111121,11112,1111,111,11
5498,111121,11112,1111,111,11
5499,111121,11112,1111,111,11
5500,111121,11112,1111,111,11
5501,111121,11112,1111,111,11
5502,111121,11112,1111,111,11
5503,111121,11112,1111,111,11
5504,111121,11112,1111,111,11
5505,111121,,,,
5506,111121,11112,1111,111,11
5507,111121,11112,1111,111,11
5508,111121,,,,
5509,111121,11112,1111,111,11
5510,111121,11112,1111,111,11
5511,111121,11112,1111,111,11
5512,31251,3125,312,31,3
5514,31411,3141,314,31,3
5515,43211,,,,
5516,54111,5411,541,54,5
5517,111121,11112,1111,111,11
5518,111132,11113,1111,111,11
5519,111132,11113,1111,111,11
5520,111121,11112,1111,111,11
5521,111121,11112,1111,111,11
5523,111121,11112,1111,111,11
5524,111121,11112,1111,111,11
5525,111121,11112,1111,111,11
5526,111121,11112,1111,111,11
5527,111121,11112,1111,111,11
5528,111121,11112,1111,111,11
5529,111121,11112,1111,111,11
5530,111121,11112,1111,111,11
5531,111121,11112,1111,111,11
5532,111121,,,,
5533,111121,,,,
5534,111121,11112,1111,111,11
5535,111121,11112,1111,111,11
5536,111121,11112,1111,111,11
5537,111121,11112,1111,111,11
5538,111121,11112,1111,111,11
5539,111121,11112,1111,111,11
5540,111121,11112,1111,111,11
5541,111121,,,,
5542,111121,11112,1111,111,11
5543,111121,11112,1111,111,11
5544,111121,,,,
5545,111121,11112,1111,111,11
5546,111121,11112,1111,111,11
5547,111121,11112,1111,111,11
5548,111121,11112,1111,111,11
5549,111121,11112,1111,111,11
5550,111121,11112,1111,111,11
5551,111121,11112,1111,111,11
5552,111121,11112,1111,111,11
5553,111121,,,,
5555,111121,11112,1111,111,11
5556,111121,11112,1111,111,11
5557,111121,11112,1111,111,11
5558,111121,11112,1111,111,11
5559,111121,11112,1111,111,11
5560,111121,11112,1111,111,11
5561,111121,11112,1111,111,11
5562,111121,11112,1111,111,11
5563,111121,11112,1111,111,11
5564,111121,11112,1111,111,11
5565,111121,11112,1111,111,11
5566,111121,11112,1111,111,11
5567,11212,1121,112,11,1
5568,94121,,,,
5571,62311,,,,
5572,62311,6231,623,62,6
5573,111132,11113,1111,111,11
5574,111121,11112,1111,111,11
5575,111121,11112,1111,111,11
5576,111121,11112,1111,111,11
5577,111121,11112,1111,111,11
5578,111121,11112,1111,111,11
5579,111121,11112,1111,111,11
5580,111132,11113,1111,111,11
5581,111121,11112,1111,111,11
5582,111121,11112,1111,111,11
5583,111121,,,,
5584,111121,11112,1111,111,11
5585,111121,11112,1111,111,11
5586,111121,11112,1111,111,11
5587,111121,11112,1111,111,11
5588,111121,11112,1111,111,11
5589,111121,11112,1111,111,11
5590,111121,11112,1111,111,11
5591,111121,11112,1111,111,11
5592,111121,11112,1111,111,11
5594,111121,11112,1111,111,11
5595,11222,1122,112,11,1
5596,94121,9412,941,94,9
5597,82111,8211,821,82,8
5598,51131,5113,511,51,5
5599,11111,1111,111,11,1
5600,11213,1121,112,11,1
5601,72111,7211,721,72,7
5602,43211,4321,432,43,4
5603,95411,9541,954,95,9
5604,94311,,,,
5605,72111,7211,721,72,7
5606,111121,11112,1111,111,11
5607,111121,,,,
5608,111121,,,,
5609,111121,11112,1111,111,11
5610,111121,11112,1111,111,11
5611,111121,11112,1111,111,11
5613,111132,11113,1111,111,11
5614,111132,11113,1111,111,11
5615,111121,11112,1111,111,11
5616,61171,6117,611,61,6
5617,61311,6131,613,61,6
5618,105111,,,,
5620,111121,,,,
5621,111121,11112,1111,111,11
5622,111121,11112,1111,111,11
5623,111121,11112,1111,111,11
5624,111121,11112,1111,111,11
5625,111132,11113,1111,111,11
5627,111121,11112,1111,111,11
5628,111121,11112,1111,111,11
5629,111121,,,,
5630,111121,11112,1111,111,11
5631,111132,11113,1111,111,11
5632,111121,11112,1111,111,11
5633,111121,11112,1111,111,11
5634,111121,11112,1111,111,11
5635,111121,11112,1111,111,11
5636,111121,11112,1111,111,11
5637,111121,11112,1111,111,11
5638,111121,11112,1111,111,11
5639,51111,5111,511,51,5
5641,111121,11112,1111,111,11
5642,111121,11112,1111,111,11
5643,111121,11112,1111,111,11
5645,111121,11112,1111,111,11
5646,111121,11112,1111,111,11
5647,111121,,,,
5648,72311,7231,723,72,7
5649,95411,9541,954,95,9
5650,91121,9112,911,91,9
5651,82111,,,,
5652,83121,8312,831,83,8
5653,111121,11112,1111,111,11
5654,111121,11112,1111,111,11
5655,111121,11112,1111,111,11
5656,111121,11112,1111,111,11
5657,111121,11112,1111,111,11
5658,111121,11112,1111,111,11
5659,111121,11112,1111,111,11
5660,111121,11112,1111,111,11
5661,111121,,,,
5662,111121,11112,1111,111,11
5664,111121,11112,1111,111,11
5665,111121,11112,1111,111,11
5666,111121,11112,1111,111,11
5667,111121,11112,1111,111,11
5668,111121,11112,1111,111,11
5669,111121,11112,1111,111,11
5670,111121,11112,1111,111,11
5671,11113,1111,111,11,1
5672,62311,6231,623,62,6
5674,62311,6231,623,62,6
5675,62311,6231,623,62,6
5676,123211,,,,
5677,62111,6211,621,62,6
5678,72311,7231,723,72,7
5679,72111,7211,721,72,7
5680,72111,7211,721,72,7
5681,111121,11112,1111,111,11
5682,62311,6231,623,62,6
5683,11211,1121,112,11,1
5684,12131,1213,121,12,1
5685,111121,11112,1111,111,11
5686,111121,11112,1111,111,11
5687,111121,11112,1111,111,11
5688,111121,11112,1111,111,11
5689,111121,,,,
5690,32113,3211,321,32,3
5691,93111,9311,931,93,9
5692,12121,1212,121,12,1
5693,111121,11112,1111,111,11
5694,111121,11112,1111,111,11
5695,111121,11112,1111,111,11
5696,111121,11112,1111,111,11
5697,111121,,,,
5698,111121,11112,1111,111,11
5699,111121,11112,1111,111,11
5700,111121,11112,1111,111,11
5701,111121,11112,1111,111,11
5702,111121,11112,1111,111,11
5703,111121,11112,1111,111,11
5704,111121,11112,1111,111,11
5705,111121,11112,1111,111,11
5706,111121,11112,1111,111,11
5707,111121,11112,1111,111,11
5708,72411,,,,
5710,111121,11112,1111,111,11
5711,111121,11112,1111,111,11
5712,111121,11112,1111,111,11
5713,111121,11112,1111,111,11
5714,111121,11112,1111,111,11
5715,83111,,,,
5717,111121,11112,1111,111,11
5718,111121,11112,1111,111,11
5719,111121,11112,1111,111,11
5720,111121,11112,1111,111,11
5722,111121,11112,1111,111,11
5723,111121,11112,1111,111,11
5724,111121,11112,1111,111,11
5725,111121,11112,1111,111,11
5726,111121,11112,1111,111,11
5727,111121,11112,1111,111,11
5728,111121,11112,1111,111,11
5729,111121,11112,1111,111,11
5730,111121,11112,1111,111,11
5731,111121,11112,1111,111,11
5732,11921,1192,119,11,1
5733,111121,11112,1111,111,11
5734,111121,11112,1111,111,11
5735,111121,11112,1111,111,11
5736,111121,11112,1111,111,11
5737,111121,11112,1111,111,11
5738,111121,11112,1111,111,11
5739,111121,11112,1111,111,11
5741,11441,1144,114,11,1
5742,111121,11112,1111,111,11
5743,11821,1182,118,11,1
5744,11821,1182,118,11,1
5745,72111,7211,721,72,7
5746,111121,11112,1111,111,11
5747,111121,11112,1111,111,11
5748,111121,11112,1111,111,11
5749,111121,11112,1111,111,11
5750,111121,11112,1111,111,11
5751,111121,11112,1111,111,11
5752,11941,1194,119,11,1
5753,62311,6231,623,62,6
5754,111121,11112,1111,111,11
5755,111121,11112,1111,111,11
5756,127111,12711,1271,127,12
5757,111121,11112,1111,111,11
5758,95411,9541,954,95,9
5759,95411,9541,954,95,9
5760,111132,11113,1111,111,11
5761,111121,11112,1111,111,11
5762,111121,11112,1111,111,11
5763,111121,11112,1111,111,11
5764,111121,11112,1111,111,11
5765,111121,11112,1111,111,11
5766,111121,11112,1111,111,11
5767,111121,11112,1111,111,11
5768,111121,11112,1111,111,11
5769,111121,11112,1111,111,11
5770,111121,11112,1111,111,11
5771,111121,11112,1111,111,11
5772,111121,11112,1111,111,11
5773,11821,,,,
5774,72311,7231,723,72,7
5775,44411,4441,444,44,4
5776,61211,6121,612,61,6
5777,72111,7211,721,72,7
5778,201119,20111,2011,201,20
5779,105111,10511,1051,105,10
5780,105111,10511,1051,105,10
5781,111121,11112,1111,111,11
5782,111121,11112,1111,111,11
5783,111132,11113,1111,111,11
5784,61151,6115,611,61,6
5785,111121,11112,1111,111,11
5786,32112,3211,321,32,3
5787,55211,5521,552,55,5
5788,111121,11112,1111,111,11
5789,43211,4321,432,43,4
5790,11111,1111,111,11,1
5791,111121,11112,1111,111,11
5792,111121,11112,1111,111,11
5793,111121,11112,1111,111,11
5794,55211,5521,552,55,5
5795,43111,4311,431,43,4
5796,55211,5521,552,55,5
5797,31311,3131,313,31,3
5798,93411,9341,934,93,9
5799,111121,11112,1111,111,11
5800,111121,11112,1111,111,11
5801,121111,12111,1211,121,12
5802,55211,5521,552,55,5
5803,55211,5521,552,55,5
5804,111121,,,,
5805,111121,11112,1111,111,11
5806,111121,11112,1111,111,11
5807,111121,11112,1111,111,11
5808,111121,11112,1111,111,11
5809,111121,11112,1111,111,11
5810,111121,11112,1111,111,11
5811,111121,11112,1111,111,11
5813,111121,11112,1111,111,11
5814,111121,11112,1111,111,11
5815,111121,11112,1111,111,11
5816,111121,11112,1111,111,11
5817,111121,11112,1111,111,11
5818,111121,,,,
5819,111121,,,,
5820,111121,11112,1111,111,11
5821,111121,11112,1111,111,11
5822,111121,11112,1111,111,11
5823,111121,11112,1111,111,11
5824,111121,11112,1111,111,11
5825,111121,11112,1111,111,11
5826,111121,11112,1111,111,11
5827,111132,11113,1111,111,11
5828,111121,11112,1111,111,11
5829,111121,11112,1111,111,11
5830,111121,11112,1111,111,11
5831,111121,11112,1111,111,11
5832,111121,11112,1111,111,11
5833,111121,11112,1111,111,11
5834,11132,1113,111,11,1
5835,11121,1112,111,11,1
5837,111121,11112,1111,111,11
5838,111121,11112,1111,111,11
5839,11221,1122,112,11,1
5842,11213,1121,112,11,1
5843,11212,1121,112,11,1
5844,11841,1184,118,11,1
5845,94121,9412,941,94,9
5847,62311,6231,623,62,6
5848,111121,11112,1111,111,11
5850,12231,1223,122,12,1
5851,123211,,,,
5852,111121,11112,1111,111,11
5853,111121,11112,1111,111,11
5854,111121,,,,
5855,111121,11112,1111,111,11
5856,111121,11112,1111,111,11
5857,111121,11112,1111,111,11
5858,111121,11112,1111,111,11
5859,111121,11112,1111,111,11
5860,111121,11112,1111,111,11
5861,111121,11112,1111,111,11
5862,127111,,,,
5863,111132,11113,1111,111,11
5864,11941,1194,119,11,1
5865,111121,11112,1111,111,11
5866,123111,12311,1231,123,12
5867,11821,1182,118,11,1
5868,52111,5211,521,52,5
5869,111121,,,,
5870,121321,12132,1213,121,12
5871,12221,1222,122,12,1
5873,94211,9421,942,94,9
5875,11921,1192,119,11,1
5876,11921,1192,119,11,1
5877,111132,11113,1111,111,11
5878,104111,10411,1041,104,10
5879,111121,,,,
5880,111121,,,,
5881,111121,11112,1111,111,11
5882,11113,1111,111,11,1
5883,12131,1213,121,12,1
5884,121321,,,,
5886,111121,11112,1111,111,11
5888,111121,11112,1111,111,11
5889,121321,12132,1213,121,12
5890,61171,,,,
5892,111121,11112,1111,111,11
5893,111121,11112,1111,111,11
5894,111121,11112,1111,111,11
5896,72411,,,,
5897,111121,11112,1111,111,11
5898,111121,11112,1111,111,11
5899,111121,11112,1111,111,11
5900,111121,11112,1111,111,11
5901,111121,11112,1111,111,11
5902,111121,11112,1111,111,11
5903,111121,11112,1111,111,11
5904,111121,11112,1111,111,11
5905,101121,10112,1011,101,10
5907,11821,1182,118,11,1
5908,11621,1162,116,11,1
5910,111121,11112,1111,111,11
5911,111121,11112,1111,111,11
5912,111121,11112,1111,111,11
5913,111121,11112,1111,111,11
5914,11611,1161,116,11,1
5915,111121,11112,1111,111,11
5918,111121,11112,1111,111,11
5919,111121,11112,1111,111,11
5920,111121,11112,1111,111,11
5921,111121,11112,1111,111,11
5922,111121,11112,1111,111,11
5923,111121,11112,1111,111,11
5924,72111,7211,721,72,7
5925,111121,11112,1111,111,11
5926,94121,9412,941,94,9
5927,111121,11112,1111,111,11
5928,111121,11112,1111,111,11
5929,11831,1183,118,11,1
5930,11831,,,,
5931,11461,1146,114,11,1
5932,11111,1111,111,11,1
5933,111121,11112,1111,111,11
5934,111121,11112,1111,111,11
5935,111121,11112,1111,111,11
5936,111121,11112,1111,111,11
5937,105111,,,,
5938,105111,,,,
5939,62311,6231,623,62,6
5940,111121,11112,1111,111,11
5941,111121,11112,1111,111,11
5943,111121,11112,1111,111,11
5944,111121,11112,1111,111,11
5945,111121,11112,1111,111,11
5946,111121,11112,1111,111,11
5947,111121,11112,1111,111,11
5948,111121,11112,1111,111,11
5949,111121,11112,1111,111,11
5950,111121,11112,1111,111,11
5951,51141,5114,511,51,5
5952,111121,11112,1111,111,11
5953,111121,11112,1111,111,11
5954,111121,11112,1111,111,11
5955,72111,,,,
5956,111121,11112,1111,111,11
5957,101121,10112,1011,101,10
5958,11113,1111,111,11,1
5959,11212,1121,112,11,1
5960,111121,11112,1111,111,11
5961,111121,11112,1111,111,11
5962,111121,11112,1111,111,11
5963,94121,9412,941,94,9
5965,12231,1223,122,12,1
5966,111121,11112,1111,111,11
5967,111121,11112,1111,111,11
5968,111121,11112,1111,111,11
5969,62311,6231,623,62,6
5970,111121,11112,1111,111,11
5971,61171,6117,611,61,6
5973,111121,11112,1111,111,11
5974,111121,11112,1111,111,11
5975,111121,11112,1111,111,11
5976,111121,,,,
5978,111121,11112,1111,111,11
5979,72111,7211,721,72,7
5980,72111,7211,721,72,7
5981,72111,7211,721,72,7
5982,111121,11112,1111,111,11
5983,111121,,,,
5984,111121,11112,1111,111,11
5985,111121,,,,
5986,111121,11112,1111,111,11
5987,111121,11112,1111,111,11
5988,111121,11112,1111,111,11
5989,61171,,,,
5990,111121,11112,1111,111,11
5991,111121,,,,
5992,111121,,,,
5993,111121,11112,1111,111,11
5994,111121,,,,
5995,111121,11112,1111,111,11
5996,111121,11112,1111,111,11
5998,121321,12132,1213,121,12
5999,111121,11112,1111,111,11
6000,43111,4311,431,43,4
6001,55100,5510,551,55,5
6002,55211,5521,552,55,5
6003,55211,5521,552,55,5
6004,111121,11112,1111,111,11
6005,61171,6117,611,61,6
6006,61171,,,,
6007,111121,11112,1111,111,11
6008,111121,11112,1111,111,11
6009,111121,11112,1111,111,11
6010,111121,11112,1111,111,11
6011,111121,11112,1111,111,11
6012,11113,1111,111,11,1
6013,111121,11112,1111,111,11
6014,111121,11112,1111,111,11
6015,111121,,,,
6016,111121,11112,1111,111,11
6017,111121,11112,1111,111,11
6018,111121,,,,
6019,111121,11112,1111,111,11
6020,111121,11112,1111,111,11
6021,111132,11113,1111,111,11
6022,111121,11112,1111,111,11
6024,111121,11112,1111,111,11
6025,111121,,,,
6027,111121,11112,1111,111,11
6029,111121,11112,1111,111,11
6030,11821,1182,118,11,1
6031,11821,1182,118,11,1
6032,95121,9512,951,95,9
6033,11121,1112,111,11,1
6034,111121,11112,1111,111,11
6035,111121,11112,1111,111,11
6036,111121,11112,1111,111,11
6037,72111,7211,721,72,7
6038,111121,11112,1111,111,11
6039,72311,7231,723,72,7
6040,111121,11112,1111,111,11
6041,111121,11112,1111,111,11
6042,111121,,,,
6043,111121,11112,1111,111,11
6044,111121,11112,1111,111,11
6045,93111,9311,931,93,9
6048,95411,9541,954,95,9
6049,95411,9541,954,95,9
6050,55211,5521,552,55,5
6051,105111,10511,1051,105,10
6052,123211,12321,1232,123,12
6053,111121,11112,1111,111,11
6054,111121,,,,
6055,111121,11112,1111,111,11
6056,111121,11112,1111,111,11
6057,111121,11112,1111,111,11
6058,111121,11112,1111,111,11
6059,111121,11112,1111,111,11
6060,93411,9341,934,93,9
6062,62311,6231,623,62,6
6065,62311,6231,623,62,6
6068,11211,1121,112,11,1
6069,11214,1121,112,11,1
6071,11311,1131,113,11,1
6072,61171,6117,611,61,6
6073,111121,11112,1111,111,11
6074,111121,11112,1111,111,11
6076,111121,11112,1111,111,11
6077,111121,11112,1111,111,11
6078,111121,11112,1111,111,11
6079,111121,11112,1111,111,11
6080,111121,11112,1111,111,11
6081,111121,11112,1111,111,11
6082,111121,11112,1111,111,11
6083,111121,11112,1111,111,11
6084,111121,11112,1111,111,11
6085,111121,11112,1111,111,11
6086,111121,11112,1111,111,11
6088,111121,11112,1111,111,11
6089,111121,11112,1111,111,11
6090,45211,4521,452,45,4
6091,111121,11112,1111,111,11
6093,111121,11112,1111,111,11
6095,111121,11112,1111,111,11
6097,111121,,,,
6098,111121,11112,1111,111,11
6099,111121,,,,
6100,72111,7211,721,72,7
6101,121311,12131,1213,121,12
6102,111121,11112,1111,111,11
6103,111121,11112,1111,111,11
6104,111121,11112,1111,111,11
6105,12231,1223,122,12,1
6106,11111,1111,111,11,1
6107,95411,9541,954,95,9
6108,95411,9541,954,95,9
6109,95311,9531,953,95,9
6110,111121,11112,1111,111,11
6111,111121,11112,1111,111,11
6112,111121,11112,1111,111,11
6113,111121,11112,1111,111,11
6114,111121,11112,1111,111,11
6115,111121,11112,1111,111,11
6116,111121,11112,1111,111,11
6117,111121,11112,1111,111,11
6118,111121,11112,1111,111,11
6119,111121,11112,1111,111,11
6120,111121,,,,
6121,111121,11112,1111,111,11
6122,111121,,,,
6123,111121,,,,
6124,111121,11112,1111,111,11
6125,94121,9412,941,94,9
6126,55211,5521,552,55,5
6127,111121,11112,1111,111,11
6128,111121,11112,1111,111,11
6129,111121,11112,1111,111,11
6131,111121,11112,1111,111,11
6132,111121,11112,1111,111,11
6133,111121,11112,1111,111,11
6134,111121,11112,1111,111,11
6135,111121,11112,1111,111,11
6136,111121,11112,1111,111,11
6137,111121,11112,1111,111,11
6138,111121,11112,1111,111,11
6139,111121,11112,1111,111,11
6140,105111,10511,1051,105,10
6141,105111,10511,1051,105,10
6142,111121,11112,1111,111,11
6143,111121,11112,1111,111,11
6144,62311,6231,623,62,6
6145,111121,11112,1111,111,11
6146,111121,11112,1111,111,11
6147,111121,11112,1111,111,11
6148,111121,11112,1111,111,11
6149,111121,11112,1111,111,11
6151,111121,11112,1111,111,11
6152,111121,11112,1111,111,11
6153,111121,11112,1111,111,11
6155,111121,11112,1111,111,11
6156,111121,11112,1111,111,11
6157,11321,1132,113,11,1
6158,111121,,,,
6159,111121,11112,1111,111,11
6160,54121,5412,541,54,5
6161,72111,,,,
6162,111121,11112,1111,111,11
6163,111121,11112,1111,111,11
6164,72111,7211,721,72,7
6165,111121,11112,1111,111,11
6167,12231,1223,122,12,1
6168,72111,7211,721,72,7
6170,91112,9111,911,91,9
6171,55211,5521,552,55,5
6172,111121,11112,1111,111,11
6173,111121,11112,1111,111,11
6174,111121,11112,1111,111,11
6175,111121,11112,1111,111,11
6176,43211,4321,432,43,4
6177,111121,11112,1111,111,11
6178,111121,11112,1111,111,11
6180,72111,7211,721,72,7
6181,62111,6211,621,62,6
6182,111121,11112,1111,111,11
6183,111121,11112,1111,111,11
6184,111121,11112,1111,111,11
6185,111121,,,,
6186,111121,11112,1111,111,11
6187,72311,,,,
6188,11221,,,,
6189,95411,9541,954,95,9
6190,111121,11112,1111,111,11
6191,111121,11112,1111,111,11
6192,111121,11112,1111,111,11
6193,111121,,,,
6194,111121,11112,1111,111,11
6196,111121,11112,1111,111,11
6197,111121,11112,1111,111,11
6198,111121,11112,1111,111,11
6199,11221,1122,112,11,1
6200,43211,4321,432,43,4
6201,72311,7231,723,72,7
6202,111121,11112,1111,111,11
6203,43211,,,,
6205,111121,11112,1111,111,11
6206,111121,11112,1111,111,11
6207,111121,11112,1111,111,11
6208,54121,5412,541,54,5
6209,54121,5412,541,54,5
6210,111121,11112,1111,111,11
6211,111121,11112,1111,111,11
6212,111121,11112,1111,111,11
6213,11411,1141,114,11,1
6214,111121,11112,1111,111,11
6215,111121,11112,1111,111,11
6216,111121,11112,1111,111,11
6217,62311,6231,623,62,6
6218,62311,6231,623,62,6
6219,44311,4431,443,44,4
6221,111121,11112,1111,111,11
6222,111121,11112,1111,111,11
6223,111121,,,,
6225,62311,6231,623,62,6
6226,111121,11112,1111,111,11
6227,111121,11112,1111,111,11
6228,111121,11112,1111,111,11
6229,111121,11112,1111,111,11
6230,111121,,,,
6231,111121,11112,1111,111,11
6232,111121,11112,1111,111,11
6233,111121,,,,
6234,111121,,,,
6235,111121,,,,
6236,111121,,,,
6237,95411,9541,954,95,9
6238,55211,5521,552,55,5
6239,105111,10511,1051,105,10
6240,11311,1131,113,11,1
6241,121211,12121,1212,121,12
6242,94121,9412,941,94,9
6243,111121,11112,1111,111,11
6244,111121,11112,1111,111,11
6245,111121,11112,1111,111,11
6246,94121,9412,941,94,9
6247,111132,11113,1111,111,11
6248,111121,11112,1111,111,11
6249,105111,10511,1051,105,10
6250,111121,11112,1111,111,11
6251,111121,11112,1111,111,11
6252,93111,,,,
6253,111121,11112,1111,111,11
6254,111121,11112,1111,111,11
6255,111121,11112,1111,111,11
6256,111121,11112,1111,111,11
6257,111121,11112,1111,111,11
6258,111121,11112,1111,111,11
6259,111121,11112,1111,111,11
6260,111121,11112,1111,111,11
6261,43111,4311,431,43,4
6262,111121,11112,1111,111,11
6263,111121,11112,1111,111,11
6264,111121,11112,1111,111,11
6265,111121,11112,1111,111,11
6267,111121,11112,1111,111,11
6268,111121,,,,
6269,111121,11112,1111,111,11
6272,111121,11112,1111,111,11
6273,111121,11112,1111,111,11
6274,11321,1132,113,11,1
6275,111121,11112,1111,111,11
6276,32111,3211,321,32,3
6277,111121,11112,1111,111,11
6278,51141,5114,511,51,5
6279,111121,11112,1111,111,11
6280,111121,11112,1111,111,11
6281,111121,11112,1111,111,11
6282,105111,10511,1051,105,10
6283,111121,11112,1111,111,11
6284,111121,11112,1111,111,11
6285,105111,10511,1051,105,10
6286,105111,10511,1051,105,10
6287,111121,11112,1111,111,11
6288,105111,10511,1051,105,10
6289,111121,11112,1111,111,11
6290,111121,11112,1111,111,11
6291,111121,11112,1111,111,11
6292,111121,11112,1111,111,11
6293,111121,11112,1111,111,11
6294,51141,5114,511,51,5
6295,111121,11112,1111,111,11
6296,111121,11112,1111,111,11
6297,111121,11112,1111,111,11
6298,111121,11112,1111,111,11
6299,111121,11112,1111,111,11
6300,111132,11113,1111,111,11
6301,121321,12132,1213,121,12
6302,11113,1111,111,11,1
6303,111121,11112,1111,111,11
6304,11941,1194,119,11,1
6305,111121,11112,1111,111,11
6306,111121,11112,1111,111,11
6307,111121,11112,1111,111,11
6308,111121,11112,1111,111,11
6309,32112,3211,321,32,3
6310,95111,9511,951,95,9
6311,93111,9311,931,93,9
6312,62111,6211,621,62,6
6313,111121,11112,1111,111,11
6314,111121,11112,1111,111,11
6315,111121,11112,1111,111,11
6316,111121,11112,1111,111,11
6317,111121,11112,1111,111,11
6318,111121,11112,1111,111,11
6319,111121,11112,1111,111,11
6320,111121,11112,1111,111,11
6321,111121,11112,1111,111,11
6322,111121,11112,1111,111,11
6323,111121,11112,1111,111,11
6324,111121,11112,1111,111,11
6325,111121,11112,1111,111,11
6326,111121,11112,1111,111,11
6327,62311,6231,623,62,6
6328,201116,20111,2011,201,20
6329,93111,9311,931,93,9
6330,111121,11112,1111,111,11
6331,111121,11112,1111,111,11
6332,111121,11112,1111,111,11
6333,101121,10112,1011,101,10
6334,111121,11112,1111,111,11
6335,111121,11112,1111,111,11
6336,111121,11112,1111,111,11
6337,111121,,,,
6338,11821,1182,118,11,1
6339,111121,11112,1111,111,11
6340,105111,10511,1051,105,10
6341,111121,11112,1111,111,11
6342,111121,11112,1111,111,11
6343,61171,6117,611,61,6
6344,111121,11112,1111,111,11
6345,51111,5111,511,51,5
6346,105111,10511,1051,105,10
6347,111121,11112,1111,111,11
6348,111121,11112,1111,111,11
6349,111121,11112,1111,111,11
6350,111121,11112,1111,111,11
6351,55222,,,,
6352,72111,,,,
6353,111121,11112,1111,111,11
6354,111121,11112,1111,111,11
6355,111121,11112,1111,111,11
6356,92211,,,,
6357,111121,11112,1111,111,11
6358,111121,11112,1111,111,11
6359,201116,20111,2011,201,20
6360,105111,10511,1051,105,10
6361,111121,,,,
6362,111121,11112,1111,111,11
6363,111121,11112,1111,111,11
6364,111121,,,,
6365,111121,11112,1111,111,11
6366,72111,7211,721,72,7
6367,105111,10511,1051,105,10
6368,111121,11112,1111,111,11
6369,111121,11112,1111,111,11
6370,111121,11112,1111,111,11
6371,11113,1111,111,11,1
6372,111121,11112,1111,111,11
6373,111121,11112,1111,111,11
6374,111121,11112,1111,111,11
6375,111121,11112,1111,111,11
6376,111121,11112,1111,111,11
6377,111121,11112,1111,111,11
6378,111121,11112,1111,111,11
6379,11113,1111,111,11,1
6380,111121,11112,1111,111,11
6381,111121,11112,1111,111,11
6382,11113,1111,111,11,1
6383,72111,7211,721,72,7
6384,111121,11112,1111,111,11
6385,111121,11112,1111,111,11
6386,111121,11112,1111,111,11
6387,111121,11112,1111,111,11
6388,111121,11112,1111,111,11
6389,111121,11112,1111,111,11
6390,111121,11112,1111,111,11
6391,111121,11112,1111,111,11
6392,105111,10511,1051,105,10
6393,111121,11112,1111,111,11
6394,111121,11112,1111,111,11
6395,111121,11112,1111,111,11
6396,111121,11112,1111,111,11
6397,111121,11112,1111,111,11
6398,111121,,,,
6399,111121,11112,1111,111,11
6400,111121,11112,1111,111,11
6401,111121,11112,1111,111,11
6402,111121,11112,1111,111,11
6404,111121,11112,1111,111,11
6406,43211,4321,432,43,4
6407,111121,11112,1111,111,11
6408,111121,11112,1111,111,11
6409,111121,11112,1111,111,11
6410,111121,11112,1111,111,11
6411,121321,12132,1213,121,12
6412,111121,11112,1111,111,11
6413,111121,11112,1111,111,11
6414,111121,,,,
6415,53311,5331,533,53,5
6416,91122,9112,911,91,9
6417,111121,11112,1111,111,11
6418,111121,11112,1111,111,11
6419,105111,10511,1051,105,10
6420,111121,11112,1111,111,11
6421,111121,,,,
6422,111121,11112,1111,111,11
6423,111121,11112,1111,111,11
6424,31291,3129,312,31,3
6425,111121,11112,1111,111,11
6426,111121,11112,1111,111,11
6427,111121,11112,1111,111,11
6428,94121,9412,941,94,9
6429,111121,11112,1111,111,11
6430,11113,,,,
6431,11113,,,,
6432,11113,,,,
6433,11113,1111,111,11,1
6434,11113,,,,
6435,11113,,,,
6436,11113,1111,111,11,1
6437,11113,,,,
6438,11113,,,,
6439,11113,,,,
6440,11113,1111,111,11,1
6441,11113,1111,111,11,1
6442,11113,1111,111,11,1
6443,11113,1111,111,11,1
6444,11113,1111,111,11,1
6445,11121,,,,
6446,11132,1113,111,11,1
6447,11211,1121,112,11,1
6448,11241,,,,
6449,11243,,,,
6450,11214,,,,
6451,11411,1141,114,11,1
6452,11411,,,,
6453,11411,1141,114,11,1
6454,11411,1141,114,11,1
6455,11411,1141,114,11,1
6456,11421,1142,114,11,1
6457,11421,,,,
6458,11421,,,,
6459,11431,,,,
6460,11431,,,,
6461,11451,1145,114,11,1
6462,11451,,,,
6463,11521,,,,
6464,11611,1161,116,11,1
6465,11621,1162,116,11,1
6466,11941,1194,119,11,1
6467,11941,1194,119,11,1
6468,12111,,,,
6469,12121,1212,121,12,1
6470,12211,,,,
6471,111121,,,,
6472,111131,11113,1111,111,11
6473,111131,11113,1111,111,11
6474,111131,,,,
6475,12121,,,,
6476,31211,3121,312,31,3
6477,31212,3121,312,31,3
6478,31221,3122,312,31,3
6479,31221,3122,312,31,3
6480,31222,3122,312,31,3
6481,31222,3122,312,31,3
6482,31223,3122,312,31,3
6483,31223,3122,312,31,3
6484,31231,3123,312,31,3
6485,31232,3123,312,31,3
6486,31232,3123,312,31,3
6487,31241,3124,312,31,3
6488,31241,3124,312,31,3
6489,31241,3124,312,31,3
6490,31241,3124,312,31,3
6491,31241,3124,312,31,3
6492,31241,3124,312,31,3
6493,31241,3124,312,31,3
6494,31241,3124,312,31,3
6495,31241,3124,312,31,3
6496,31241,3124,312,31,3
6497,31241,3124,312,31,3
6498,31241,3124,312,31,3
6499,31261,3126,312,31,3
6500,31261,3126,312,31,3
6501,31262,3126,312,31,3
6502,31262,3126,312,31,3
6503,31262,3126,312,31,3
6504,31262,3126,312,31,3
6505,31262,3126,312,31,3
6506,31262,,,,
6507,31262,3126,312,31,3
6508,31262,3126,312,31,3
6509,31262,3126,312,31,3
6510,31262,3126,312,31,3
6511,31271,3127,312,31,3
6512,31271,3127,312,31,3
6513,31271,3127,312,31,3
6514,31271,3127,312,31,3
6515,31271,3127,312,31,3
6516,31272,3127,312,31,3
6517,31272,3127,312,31,3
6518,31272,3127,312,31,3
6519,31272,3127,312,31,3
6520,31281,3128,312,31,3
6521,31281,3128,312,31,3
6522,31291,3129,312,31,3
6523,31291,3129,312,31,3
6524,31291,,,,
6525,31291,3129,312,31,3
6526,31291,,,,
6527,31291,3129,312,31,3
6528,31431,,,,
6529,31431,3143,314,31,3
6530,32131,,,,
6531,111121,,,,
6532,111132,11113,1111,111,11
6533,112111,11211,1121,112,11
6534,112111,11211,1121,112,11
6535,112111,11211,1121,112,11
6536,112111,11211,1121,112,11
6537,112111,,,,
6538,112111,,,,
6539,112111,11211,1121,112,11
6540,112111,11211,1121,112,11
6541,112111,,,,
6542,112111,11211,1121,112,11
6543,112111,11211,1121,112,11
6544,73511,7351,735,73,7
6545,12231,1223,122,12,1
6546,12231,1223,122,12,1
6547,12231,1223,122,12,1
6548,111121,11112,1111,111,11
6549,111121,11112,1111,111,11
6550,111121,11112,1111,111,11
6551,111121,11112,1111,111,11
6552,111121,11112,1111,111,11
6553,11321,1132,113,11,1
6554,111121,11112,1111,111,11
6555,111121,11112,1111,111,11
6556,111121,11112,1111,111,11
6557,111121,11112,1111,111,11
6558,111121,11112,1111,111,11
6559,11311,1131,113,11,1
6560,111121,11112,1111,111,11
6561,111121,11112,1111,111,11
6562,111121,11112,1111,111,11
6563,111121,11112,1111,111,11
6564,111121,11112,1111,111,11
6565,111121,11112,1111,111,11
6566,111121,11112,1111,111,11
6567,111121,,,,
6568,111121,11112,1111,111,11
6569,111121,11112,1111,111,11
6570,111121,11112,1111,111,11
6571,111121,11112,1111,111,11
6572,111121,11112,1111,111,11
6573,111121,11112,1111,111,11
6574,111121,11112,1111,111,11
6575,111121,,,,
6576,111121,,,,
6577,111121,11112,1111,111,11
6578,111121,11112,1111,111,11
6579,12231,1223,122,12,1
6580,12231,1223,122,12,1
6581,111121,11112,1111,111,11
6582,111121,11112,1111,111,11
6583,111121,11112,1111,111,11
6584,111121,11112,1111,111,11
6585,111121,11112,1111,111,11
6586,111121,,,,
6587,111121,11112,1111,111,11
6588,111121,11112,1111,111,11
6589,111121,11112,1111,111,11
6590,111121,,,,
6591,111121,11112,1111,111,11
6592,111121,,,,
6593,111121,11112,1111,111,11
6594,111121,11112,1111,111,11
6595,111121,11112,1111,111,11
6596,111121,11112,1111,111,11
6597,111121,11112,1111,111,11
6598,111121,11112,1111,111,11
6599,111121,11112,1111,111,11
6600,111121,,,,
6601,111121,11112,1111,111,11
6602,111121,11112,1111,111,11
6603,111121,,,,
6604,111121,11112,1111,111,11
6605,111121,,,,
6606,111121,11112,1111,111,11
6607,111121,,,,
6608,111121,11112,1111,111,11
6609,111121,11112,1111,111,11
6610,111121,11112,1111,111,11
6611,111121,11112,1111,111,11
6612,111121,11112,1111,111,11
6613,111121,11112,1111,111,11
6614,111121,11112,1111,111,11
6615,111121,,,,
6616,111121,11112,1111,111,11
6617,111121,11112,1111,111,11
6618,111121,11112,1111,111,11
6619,111121,11112,1111,111,11
6620,111121,11112,1111,111,11
6621,111121,11112,1111,111,11
6622,111121,,,,
6623,111121,11112,1111,111,11
6624,111121,11112,1111,111,11
6625,111121,11112,1111,111,11
6626,111121,11112,1111,111,11
6627,111121,11112,1111,111,11
6628,111121,11112,1111,111,11
6629,111121,11112,1111,111,11
6630,111121,11112,1111,111,11
6631,111121,11112,1111,111,11
6632,111121,,,,
6633,111121,11112,1111,111,11
6634,111121,11112,1111,111,11
6635,12231,1223,122,12,1
6636,111121,11112,1111,111,11
6637,111121,11112,1111,111,11
6638,111121,11112,1111,111,11
6639,111121,11112,1111,111,11
6640,111121,11112,1111,111,11
6641,111121,,,,
6642,111121,11112,1111,111,11
6643,111121,11112,1111,111,11
6644,111121,11112,1111,111,11
6645,111121,11112,1111,111,11
6646,111121,11112,1111,111,11
6647,111121,11112,1111,111,11
6648,93211,9321,932,93,9
6649,11721,,,,
6650,93411,9341,934,93,9
6651,72111,7211,721,72,7
6652,11621,1162,116,11,1
6653,11113,1111,111,11,1
6654,11113,1111,111,11,1
6655,111121,11112,1111,111,11
6656,72111,7211,721,72,7
6657,72111,7211,721,72,7
6658,111121,11112,1111,111,11
6659,111121,11112,1111,111,11
6660,111121,11112,1111,111,11
6661,111121,11112,1111,111,11
6662,111121,11112,1111,111,11
6663,111121,11112,1111,111,11
6664,111121,11112,1111,111,11
6665,111121,11112,1111,111,11
6666,111121,11112,1111,111,11
6667,111121,11112,1111,111,11
6668,111121,11112,1111,111,11
6669,93411,9341,934,93,9
6670,93411,9341,934,93,9
6671,111121,11112,1111,111,11
6672,111121,11112,1111,111,11
6673,111121,,,,
6674,111121,11112,1111,111,11
6675,111121,11112,1111,111,11
6676,111121,11112,1111,111,11
6677,111121,11112,1111,111,11
6678,111121,11112,1111,111,11
6679,111121,11112,1111,111,11
6680,111121,11112,1111,111,11
6681,111121,,,,
6682,111121,11112,1111,111,11
6683,111121,11112,1111,111,11
6684,111121,11112,1111,111,11
6685,111121,11112,1111,111,11
6686,111121,,,,
6687,111121,11112,1111,111,11
6688,111121,11112,1111,111,11
6689,111121,11112,1111,111,11
6690,111121,11112,1111,111,11
6691,111121,11112,1111,111,11
6692,12231,1223,122,12,1
6693,111121,11112,1111,111,11
6694,111121,11112,1111,111,11
6695,111121,11112,1111,111,11
6696,55211,5521,552,55,5
6697,105111,,,,
6698,31111,,,,
6699,111132,11113,1111,111,11
6700,111132,11113,1111,111,11
6701,43111,,,,
6702,93111,9311,931,93,9
6703,62311,,,,
6704,111121,11112,1111,111,11
6705,111121,11112,1111,111,11
6706,111121,11112,1111,111,11
6707,111121,11112,1111,111,11
6708,111121,11112,1111,111,11
6709,111121,11112,1111,111,11
6710,111121,11112,1111,111,11
6711,111121,11112,1111,111,11
6712,111121,11112,1111,111,11
6713,111121,11112,1111,111,11
6714,111121,11112,1111,111,11
6715,111121,11112,1111,111,11
6716,111121,11112,1111,111,11
6717,111121,11112,1111,111,11
6718,111121,11112,1111,111,11
6719,111121,11112,1111,111,11
6720,111121,11112,1111,111,11
6721,111121,,,,
6722,111121,11112,1111,111,11
6723,111121,11112,1111,111,11
6724,111121,11112,1111,111,11
6725,111121,11112,1111,111,11
6726,111121,,,,
6727,111132,11113,1111,111,11
6728,111121,11112,1111,111,11
6729,111121,11112,1111,111,11
6730,111121,11112,1111,111,11
6731,111121,11112,1111,111,11
6732,111121,11112,1111,111,11
6733,111121,11112,1111,111,11
6734,111121,11112,1111,111,11
6735,111121,11112,1111,111,11
6736,111121,,,,
6737,111121,11112,1111,111,11
6738,105111,10511,1051,105,10
6739,105111,10511,1051,105,10
6740,105111,10511,1051,105,10
6741,53121,5312,531,53,5
6742,62111,6211,621,62,6
6743,11611,1161,116,11,1
6744,111121,11112,1111,111,11
6745,91311,9131,913,91,9
6746,11932,1193,119,11,1
6747,43211,4321,432,43,4
6748,111121,11112,1111,111,11
6749,111121,11112,1111,111,11
6750,111121,11112,1111,111,11
6751,111121,11112,1111,111,11
6752,111121,11112,1111,111,11
6753,111121,11112,1111,111,11
6754,111121,11112,1111,111,11
6755,111121,11112,1111,111,11
6756,111121,11112,1111,111,11
6757,111121,11112,1111,111,11
6758,111121,11112,1111,111,11
6759,111121,11112,1111,111,11
6760,111121,11112,1111,111,11
6761,31233,3123,312,31,3
6762,31233,3123,312,31,3
6763,32113,3211,321,32,3
6764,32113,3211,321,32,3
6765,32113,3211,321,32,3
6766,32113,3211,321,32,3
6767,32113,3211,321,32,3
6768,32113,3211,321,32,3
6769,31261,,,,
6770,31261,3126,312,31,3
6771,31261,3126,312,31,3
6772,31261,3126,312,31,3
6773,31261,3126,312,31,3
6774,31261,3126,312,31,3
6775,31261,3126,312,31,3
6776,31261,3126,312,31,3
6777,31261,3126,312,31,3
6778,31261,3126,312,31,3
6779,31262,3126,312,31,3
6780,31262,3126,312,31,3
6781,31262,,,,
6782,31262,,,,
6783,31281,3128,312,31,3
6784,31281,3128,312,31,3
6785,31291,3129,312,31,3
6786,31291,3129,312,31,3
6787,31291,3129,312,31,3
6788,31291,3129,312,31,3
6789,31291,3129,312,31,3
6790,32131,3213,321,32,3
6791,32131,3213,321,32,3
6792,32131,,,,
6793,32131,3213,321,32,3
6794,32131,3213,321,32,3
6795,32131,3213,321,32,3
6796,32131,3213,321,32,3
6797,111121,11112,1111,111,11
6798,111121,11112,1111,111,11
6799,111121,11112,1111,111,11
6800,111121,,,,
6801,111121,11112,1111,111,11
6802,111121,11112,1111,111,11
6803,111121,11112,1111,111,11
6804,111121,11112,1111,111,11
6805,92111,,,,
6806,111121,11112,1111,111,11
6807,111121,11112,1111,111,11
6808,111121,11112,1111,111,11
6809,111121,11112,1111,111,11
6810,111121,11112,1111,111,11
6811,51141,,,,
6812,52111,,,,
6813,53111,5311,531,53,5
6814,53111,,,,
6815,53111,5311,531,53,5
6816,54111,5411,541,54,5
6817,55100,,,,
6818,55211,5521,552,55,5
6819,56114,,,,
6820,56115,5611,561,56,5
6821,56211,,,,
6822,61141,6114,611,61,6
6823,61311,6131,613,61,6
6824,61211,6121,612,61,6
6825,72111,7211,721,72,7
6826,72311,,,,
6827,83111,,,,
6828,91112,9111,911,91,9
6829,91112,9111,911,91,9
6830,93111,9311,931,93,9
6831,93511,9351,935,93,9
6832,121321,12132,1213,121,12
6833,123211,,,,
6834,123211,,,,
6836,52121,5212,521,52,5
6837,52121,5212,521,52,5
6838,56121,,,,
6839,56121,5612,561,56,5
6840,56121,,,,
6841,111121,,,,
6842,111121,11112,1111,111,11
6843,111121,11112,1111,111,11
6844,111121,11112,1111,111,11
6845,111121,11112,1111,111,11
6846,111121,11112,1111,111,11
6847,111121,11112,1111,111,11
6848,111121,11112,1111,111,11
6849,111121,11112,1111,111,11
6850,111121,11112,1111,111,11
6851,111121,11112,1111,111,11
6852,111121,11112,1111,111,11
6853,111121,11112,1111,111,11
6854,111121,11112,1111,111,11
6855,111121,11112,1111,111,11
6856,111121,11112,1111,111,11
6857,111121,11112,1111,111,11
6858,111121,11112,1111,111,11
6859,111121,11112,1111,111,11
6860,111121,11112,1111,111,11
6861,44411,4441,444,44,4
6862,44411,4441,444,44,4
6863,44411,,,,
6864,44411,,,,
6865,111121,11112,1111,111,11
6866,111121,11112,1111,111,11
6867,111121,11112,1111,111,11
6868,111121,11112,1111,111,11
6869,111121,11112,1111,111,11
6870,111121,11112,1111,111,11
6871,111121,11112,1111,111,11
6872,111121,11112,1111,111,11
6873,111121,11112,1111,111,11
6874,111121,11112,1111,111,11
6875,111121,11112,1111,111,11
6876,111121,11112,1111,111,11
6877,111121,11112,1111,111,11
6878,111121,11112,1111,111,11
6879,111121,11112,1111,111,11
6880,111121,11112,1111,111,11
6881,111121,11112,1111,111,11
6882,111121,11112,1111,111,11
6883,111121,11112,1111,111,11
6884,111121,11112,1111,111,11
6885,111121,11112,1111,111,11
6886,111121,11112,1111,111,11
6887,111121,11112,1111,111,11
6888,111121,,,,
6889,111121,11112,1111,111,11
6890,111121,11112,1111,111,11
6891,111121,11112,1111,111,11
6892,111121,11112,1111,111,11
6893,111121,11112,1111,111,11
6894,111121,11112,1111,111,11
6895,111121,11112,1111,111,11
6896,111121,11112,1111,111,11
6897,111121,11112,1111,111,11
6898,111121,11112,1111,111,11
6899,111121,11112,1111,111,11
6900,111121,11112,1111,111,11
6901,111121,11112,1111,111,11
6902,111121,11112,1111,111,11
6903,111121,,,,
6904,111121,11112,1111,111,11
6905,111121,,,,
6906,111121,11112,1111,111,11
6907,111121,,,,
6908,111121,11112,1111,111,11
6909,111121,11112,1111,111,11
6910,111121,11112,1111,111,11
6911,111121,11112,1111,111,11
6912,111121,11112,1111,111,11
6913,111121,11112,1111,111,11
6914,111121,11112,1111,111,11
6915,111121,11112,1111,111,11
6916,111121,11112,1111,111,11
6917,111121,11112,1111,111,11
6918,111121,11112,1111,111,11
6919,11831,1183,118,11,1
6920,111121,11112,1111,111,11
6921,111121,11112,1111,111,11
6922,111121,11112,1111,111,11
6923,111121,11112,1111,111,11
6924,111121,11112,1111,111,11
6928,111121,,,,
6929,111121,,,,
6930,111121,11112,1111,111,11
6931,111121,11112,1111,111,11
6932,111121,11112,1111,111,11
6933,111121,11112,1111,111,11
6934,111121,11112,1111,111,11
6935,111121,11112,1111,111,11
6936,111121,11112,1111,111,11
6937,111121,11112,1111,111,11
6938,111121,11112,1111,111,11
6939,111121,11112,1111,111,11
6940,111121,11112,1111,111,11
6941,111121,11112,1111,111,11
6942,111121,11112,1111,111,11
6943,111121,11112,1111,111,11
6944,111121,11112,1111,111,11
6945,111121,11112,1111,111,11
6946,111121,11112,1111,111,11
6947,111121,11112,1111,111,11
6948,111121,11112,1111,111,11
6949,111121,11112,1111,111,11
6950,111121,11112,1111,111,11
6951,111121,11112,1111,111,11
6952,111121,11112,1111,111,11
6953,111121,11112,1111,111,11
6954,111121,11112,1111,111,11
6955,111121,11112,1111,111,11
6956,111121,11112,1111,111,11
6957,111132,11113,1111,111,11
6958,111132,11113,1111,111,11
6959,111121,,,,
6960,111121,11112,1111,111,11
6961,111121,11112,1111,111,11
6962,111121,11112,1111,111,11
6963,111121,11112,1111,111,11
6964,111121,11112,1111,111,11
6965,111121,11112,1111,111,11
6966,111121,11112,1111,111,11
6967,111121,11112,1111,111,11
6968,111121,11112,1111,111,11
6969,111121,,,,
6970,111121,11112,1111,111,11
6971,111121,,,,
6972,111132,11113,1111,111,11
6973,111121,,,,
6974,111121,11112,1111,111,11
6975,111121,11112,1111,111,11
6976,111121,11112,1111,111,11
6977,111121,11112,1111,111,11
6978,111121,,,,
6979,111121,11112,1111,111,11
6980,111121,11112,1111,111,11
6981,111121,11112,1111,111,11
6982,111121,11112,1111,111,11
6983,111121,11112,1111,111,11
6984,111121,11112,1111,111,11
6985,111121,11112,1111,111,11
6986,11113,1111,111,11,1
6987,111121,11112,1111,111,11
6988,111121,11112,1111,111,11
6989,111121,11112,1111,111,11
6990,111121,11112,1111,111,11
6991,111121,,,,
6992,111121,11112,1111,111,11
6993,111132,11113,1111,111,11
6994,111141,11114,1111,111,11
6995,111121,11112,1111,111,11
6996,111121,11112,1111,111,11
6997,111121,11112,1111,111,11
6998,111121,11112,1111,111,11
6999,111121,11112,1111,111,11
7000,111121,11112,1111,111,11
7001,111121,11112,1111,111,11
7002,111121,11112,1111,111,11
7003,111121,11112,1111,111,11
7004,111121,11112,1111,111,11
7005,111121,11112,1111,111,11
7006,111121,11112,1111,111,11
7007,111121,11112,1111,111,11
7008,111121,11112,1111,111,11
7009,111121,11112,1111,111,11
7010,111132,11113,1111,111,11
7011,111121,11112,1111,111,11
7012,111121,11112,1111,111,11
7013,111121,11112,1111,111,11
7014,111121,11112,1111,111,11
7015,111121,11112,1111,111,11
7016,111121,11112,1111,111,11
7017,111121,11112,1111,111,11
7018,111121,11112,1111,111,11
7019,111121,11112,1111,111,11
7020,111121,11112,1111,111,11
7021,111121,11112,1111,111,11
7022,111121,11112,1111,111,11
7023,111121,11112,1111,111,11
7024,111121,11112,1111,111,11
7025,111121,11112,1111,111,11
7026,111121,11112,1111,111,11
7027,111121,11112,1111,111,11
7028,111121,11112,1111,111,11
7029,111121,11112,1111,111,11
7031,111121,11112,1111,111,11
7032,111121,11112,1111,111,11
7033,111121,11112,1111,111,11
7034,111121,11112,1111,111,11
7035,111121,11112,1111,111,11
7036,111121,11112,1111,111,11
7037,111121,11112,1111,111,11
7038,111121,11112,1111,111,11
7039,111121,11112,1111,111,11
7040,111121,11112,1111,111,11
7041,111121,11112,1111,111,11
7042,111121,11112,1111,111,11
7043,111121,11112,1111,111,11
7044,111121,11112,1111,111,11
7045,111121,11112,1111,111,11
7046,111121,11112,1111,111,11
7047,111121,11112,1111,111,11
7048,111121,11112,1111,111,11
7049,111121,11112,1111,111,11
7050,111121,11112,1111,111,11
7051,111121,11112,1111,111,11
7052,111121,11112,1111,111,11
7053,201116,,,,
7054,111121,11112,1111,111,11
7055,111121,11112,1111,111,11
7056,111121,,,,
7057,111121,11112,1111,111,11
7058,111121,11112,1111,111,11
7059,111121,11112,1111,111,11
7060,111121,11112,1111,111,11
7061,111121,11112,1111,111,11
7062,111121,11112,1111,111,11
7063,111121,11112,1111,111,11
7064,111121,11112,1111,111,11
7065,111121,11112,1111,111,11
7066,111121,11112,1111,111,11
7067,111121,11112,1111,111,11
7068,111121,11112,1111,111,11
7070,111121,11112,1111,111,11
7071,111121,11112,1111,111,11
7072,111121,11112,1111,111,11
7073,111121,11112,1111,111,11
7074,111121,11112,1111,111,11
7075,111121,11112,1111,111,11
7076,111121,11112,1111,111,11
7077,111121,11112,1111,111,11
7078,111121,11112,1111,111,11
7079,111121,11112,1111,111,11
7080,111121,11112,1111,111,11
7081,111121,11112,1111,111,11
7083,111121,11112,1111,111,11
7084,111121,11112,1111,111,11
7085,111121,11112,1111,111,11
7086,111121,11112,1111,111,11
7087,111121,11112,1111,111,11
7088,111121,11112,1111,111,11
7089,111121,11112,1111,111,11
7090,111121,11112,1111,111,11
7091,111121,11112,1111,111,11
7092,111121,11112,1111,111,11
7093,111121,11112,1111,111,11
7094,111121,,,,
7095,111121,11112,1111,111,11
7096,111121,11112,1111,111,11
7097,111121,11112,1111,111,11
7098,111121,11112,1111,111,11
7099,111121,11112,1111,111,11
7100,111131,,,,
7101,111121,11112,1111,111,11
7102,111121,11112,1111,111,11
7103,111121,11112,1111,111,11
7104,111121,11112,1111,111,11
7105,111121,11112,1111,111,11
7106,111121,11112,1111,111,11
7107,111121,11112,1111,111,11
7108,111121,11112,1111,111,11
7109,111121,11112,1111,111,11
7110,111121,,,,
7111,111121,11112,1111,111,11
7112,111121,11112,1111,111,11
7113,111121,11112,1111,111,11
7114,111121,11112,1111,111,11
7115,111121,11112,1111,111,11
7116,111121,11112,1111,111,11
7117,111121,11112,1111,111,11
7118,111121,11112,1111,111,11
7119,111121,11112,1111,111,11
7120,111121,11112,1111,111,11
7121,111121,11112,1111,111,11
7122,111121,11112,1111,111,11
7123,111121,,,,
7124,111121,11112,1111,111,11
7125,111121,11112,1111,111,11
7126,111121,,,,
7127,111121,11112,1111,111,11
7128,111121,,,,
7129,111121,,,,
7130,111121,11112,1111,111,11
7131,111121,11112,1111,111,11
7132,111121,11112,1111,111,11
7133,111121,11112,1111,111,11
7134,111121,11112,1111,111,11
7135,111121,11112,1111,111,11
7136,111121,,,,
7137,111121,11112,1111,111,11
7139,111121,11112,1111,111,11
7140,111121,11112,1111,111,11
7141,111121,11112,1111,111,11
7142,111121,11112,1111,111,11
7143,111121,11112,1111,111,11
7144,111121,11112,1111,111,11
7145,111121,11112,1111,111,11
7146,111121,11112,1111,111,11
7147,111121,11112,1111,111,11
7148,111121,11112,1111,111,11
7149,111121,11112,1111,111,11
7150,111121,11112,1111,111,11
7151,111121,11112,1111,111,11
7152,111121,11112,1111,111,11
7153,111121,11112,1111,111,11
7154,111121,11112,1111,111,11
7155,111121,11112,1111,111,11
7156,111132,11113,1111,111,11
7157,111121,11112,1111,111,11
7158,111121,11112,1111,111,11
7159,111121,11112,1111,111,11
7160,111121,11112,1111,111,11
7161,111121,11112,1111,111,11
7162,111121,11112,1111,111,11
7163,111121,11112,1111,111,11
7164,111121,11112,1111,111,11
7165,111121,11112,1111,111,11
7166,111121,11112,1111,111,11
7167,111121,11112,1111,111,11
7168,111121,11112,1111,111,11
7169,111121,11112,1111,111,11
7170,111121,11112,1111,111,11
7171,111121,,,,
7172,111121,11112,1111,111,11
7173,111121,11112,1111,111,11
7174,111121,11112,1111,111,11
7175,111121,11112,1111,111,11
7176,111132,11113,1111,111,11
7177,111121,11112,1111,111,11
7178,111121,11112,1111,111,11
7179,111121,11112,1111,111,11
7180,111121,,,,
7181,111121,11112,1111,111,11
7182,111121,11112,1111,111,11
7183,111121,,,,
7184,111121,11112,1111,111,11
7185,111121,11112,1111,111,11
7186,111121,11112,1111,111,11
7187,111121,11112,1111,111,11
7188,111121,11112,1111,111,11
7189,111121,11112,1111,111,11
7190,111121,11112,1111,111,11
7191,111121,11112,1111,111,11
7192,111121,11112,1111,111,11
7193,111121,11112,1111,111,11
7194,111121,11112,1111,111,11
7195,111121,11112,1111,111,11
7196,111121,11112,1111,111,11
7197,111121,11112,1111,111,11
7198,111121,,,,
7199,111121,,,,
7200,111121,11112,1111,111,11
7201,111121,11112,1111,111,11
7202,111121,11112,1111,111,11
7203,111121,11112,1111,111,11
7204,111121,11112,1111,111,11
7205,111121,11112,1111,111,11
7206,111132,11113,1111,111,11
7207,111132,11113,1111,111,11
7208,111121,11112,1111,111,11
7209,111121,11112,1111,111,11
7210,111121,11112,1111,111,11
7211,111121,11112,1111,111,11
7212,111121,11112,1111,111,11
7213,111121,11112,1111,111,11
7214,111121,11112,1111,111,11
7215,111121,11112,1111,111,11
7216,111121,11112,1111,111,11
7217,111121,11112,1111,111,11
7218,111121,,,,
7219,111121,11112,1111,111,11
7220,111121,11112,1111,111,11
7221,111121,,,,
7222,111121,11112,1111,111,11
7223,111121,11112,1111,111,11
7224,111121,11112,1111,111,11
7225,111121,11112,1111,111,11
7226,111121,11112,1111,111,11
7227,111121,11112,1111,111,11
7228,111121,11112,1111,111,11
7229,111121,11112,1111,111,11
7230,111121,,,,
7231,111121,11112,1111,111,11
7232,111121,11112,1111,111,11
7233,111121,11112,1111,111,11
7234,111121,,,,
7235,111121,11112,1111,111,11
7236,111121,11112,1111,111,11
7237,111121,11112,1111,111,11
7238,111121,11112,1111,111,11
7239,111121,,,,
7240,111121,11112,1111,111,11
7241,111121,11112,1111,111,11
7242,111121,11112,1111,111,11
7243,111121,11112,1111,111,11
7244,111121,11112,1111,111,11
7245,111121,11112,1111,111,11
7246,111121,11112,1111,111,11
7247,111121,11112,1111,111,11
7248,111121,11112,1111,111,11
7249,111121,11112,1111,111,11
7250,111121,11112,1111,111,11
7251,111121,11112,1111,111,11
7252,111121,,,,
7253,111121,11112,1111,111,11
7254,111121,11112,1111,111,11
7255,111121,11112,1111,111,11
7256,111121,11112,1111,111,11
7257,111121,11112,1111,111,11
7258,111121,11112,1111,111,11
7259,111121,11112,1111,111,11
7260,111121,11112,1111,111,11
7261,111121,11112,1111,111,11
7262,111121,11112,1111,111,11
7263,111121,11112,1111,111,11
7264,111121,11112,1111,111,11
7265,111121,11112,1111,111,11
7266,111121,11112,1111,111,11
7267,111121,11112,1111,111,11
7268,111121,,,,
7269,111121,11112,1111,111,11
7270,111121,11112,1111,111,11
7271,111121,11112,1111,111,11
7272,111121,11112,1111,111,11
7273,111121,11112,1111,111,11
7274,111121,11112,1111,111,11
7275,111121,11112,1111,111,11
7276,111121,11112,1111,111,11
7277,111121,11112,1111,111,11
7278,111121,11112,1111,111,11
7279,111121,11112,1111,111,11
7280,111121,11112,1111,111,11
7281,111121,11112,1111,111,11
7282,111121,11112,1111,111,11
7283,111121,11112,1111,111,11
7284,111121,11112,1111,111,11
7285,111121,11112,1111,111,11
7286,111121,11112,1111,111,11
7287,111121,11112,1111,111,11
7288,111121,11112,1111,111,11
7289,111121,11112,1111,111,11
7290,111121,11112,1111,111,11
7291,111121,,,,
7292,111121,11112,1111,111,11
7293,111121,,,,
7294,111121,11112,1111,111,11
7295,111121,11112,1111,111,11
7296,111121,11112,1111,111,11
7297,111121,11112,1111,111,11
7298,111121,11112,1111,111,11
7299,111121,,,,
7300,111121,11112,1111,111,11
7301,111121,11112,1111,111,11
7302,111121,11112,1111,111,11
7303,111121,11112,1111,111,11
7304,111121,11112,1111,111,11
7305,111121,11112,1111,111,11
7306,111121,11112,1111,111,11
7307,111121,11112,1111,111,11
7308,111121,11112,1111,111,11
7309,111121,11112,1111,111,11
7310,111121,,,,
7311,111121,11112,1111,111,11
7312,111121,11112,1111,111,11
7313,111121,,,,
7314,111121,11112,1111,111,11
7315,111121,11112,1111,111,11
7316,111121,11112,1111,111,11
7317,111121,11112,1111,111,11
7318,111121,11112,1111,111,11
7319,111121,11112,1111,111,11
7320,111121,11112,1111,111,11
7321,111121,11112,1111,111,11
7322,111121,11112,1111,111,11
7323,111121,11112,1111,111,11
7324,111121,11112,1111,111,11
7325,111121,11112,1111,111,11
7326,111121,11112,1111,111,11
7327,111121,11112,1111,111,11
7328,111121,11112,1111,111,11
7329,111121,11112,1111,111,11
7330,111121,11112,1111,111,11
7331,111121,11112,1111,111,11
7332,111121,11112,1111,111,11
7333,111121,11112,1111,111,11
7334,111121,,,,
7335,111121,11112,1111,111,11
7336,111121,11112,1111,111,11
7337,111132,11113,1111,111,11
7338,111121,11112,1111,111,11
7339,111121,11112,1111,111,11
7340,111121,11112,1111,111,11
7341,111121,11112,1111,111,11
7342,111121,11112,1111,111,11
7343,43111,4311,431,43,4
7344,11311,,,,
7345,11621,,,,
7346,43211,4321,432,43,4
7347,32112,3211,321,32,3
7348,61121,6112,611,61,6
7349,121321,12132,1213,121,12
7350,121321,,,,
7351,54131,5413,541,54,5
7352,43111,4311,431,43,4
7353,105111,,,,
7354,105111,,,,
7355,72311,7231,723,72,7
7356,53211,,,,
7357,121321,12132,1213,121,12
7358,105111,,,,
7359,51111,5111,511,51,5
7360,55211,5521,552,55,5
7361,62311,6231,623,62,6
7362,72111,7211,721,72,7
7363,111121,,,,
7365,11932,,,,
7366,62311,6231,623,62,6
7367,11821,1182,118,11,1
7368,43211,4321,432,43,4
7369,43111,4311,431,43,4
7370,11621,1162,116,11,1
7371,62111,,,,
7372,11932,1193,119,11,1
7373,11231,,,,
7374,91311,9131,913,91,9
7375,53211,,,,
7376,62311,6231,623,62,6
7377,12231,1223,122,12,1
7378,62311,,,,
7379,11111,,,,
7380,91311,9131,913,91,9
7381,12231,1223,122,12,1
7382,62311,6231,623,62,6
7383,43211,4321,432,43,4
7384,72111,7211,721,72,7
7385,11221,,,,
7386,11311,1131,113,11,1
7387,105111,,,,
7388,61211,6121,612,61,6
7389,61171,6117,611,61,6
7390,91311,,,,
7391,11141,,,,
7392,11611,1161,116,11,1
7393,52121,,,,
7394,43111,,,,
7395,43111,4311,431,43,4
7396,51311,,,,
7397,51311,5131,513,51,5
7398,72111,7211,721,72,7
7399,55222,,,,
7400,55222,,,,
7401,72311,7231,723,72,7
7402,43211,4321,432,43,4
7403,72311,,,,
7404,72311,7231,723,72,7
7405,62311,,,,
7406,43111,4311,431,43,4
7407,111121,11112,1111,111,11
7408,111121,11112,1111,111,11
7409,111121,11112,1111,111,11
7410,111121,11112,1111,111,11
7411,111121,11112,1111,111,11
7412,111121,11112,1111,111,11
7413,111121,11112,1111,111,11
7414,111121,11112,1111,111,11
7415,111121,11112,1111,111,11
7416,111121,11112,1111,111,11
7417,111121,11112,1111,111,11
7418,111121,11112,1111,111,11
7419,111121,11112,1111,111,11
7420,111121,11112,1111,111,11
7421,111121,11112,1111,111,11
7422,111121,11112,1111,111,11
7423,111121,11112,1111,111,11
7424,111121,11112,1111,111,11
7425,111121,11112,1111,111,11
7426,111121,11112,1111,111,11
7427,111121,11112,1111,111,11
7428,111121,11112,1111,111,11
7429,111121,11112,1111,111,11
7430,111121,11112,1111,111,11
7431,111121,11112,1111,111,11
7432,111121,11112,1111,111,11
7433,111121,11112,1111,111,11
7434,111121,11112,1111,111,11
7435,111121,11112,1111,111,11
7436,111121,11112,1111,111,11
7437,111121,11112,1111,111,11
7438,111121,11112,1111,111,11
7439,111121,11112,1111,111,11
7440,111121,11112,1111,111,11
7441,111121,11112,1111,111,11
7442,111121,11112,1111,111,11
7443,111121,11112,1111,111,11
7444,72111,7211,721,72,7
7445,111121,11112,1111,111,11
7446,111121,11112,1111,111,11
7447,111121,11112,1111,111,11
7448,111121,11112,1111,111,11
7449,111121,11112,1111,111,11
7450,43111,4311,431,43,4
7451,61171,6117,611,61,6
7452,43111,4311,431,43,4
7453,43111,4311,431,43,4
7454,55211,,,,
7455,55211,5521,552,55,5
7456,55211,,,,
7457,52121,5212,521,52,5
7458,105111,,,,
7459,11221,1122,112,11,1
7460,12231,1223,122,12,1
7461,43111,4311,431,43,4
7462,93111,9311,931,93,9
7463,43111,4311,431,43,4
7464,72111,7211,721,72,7
7465,72111,7211,721,72,7
7466,51111,5111,511,51,5
7467,93111,9311,931,93,9
7468,55100,,,,
7469,55100,,,,
7470,127111,12711,1271,127,12
7472,91311,,,,
7473,94121,,,,
7474,94121,9412,941,94,9
7475,93211,9321,932,93,9
7476,61171,6117,611,61,6
7477,53211,5321,532,53,5
7478,111121,11112,1111,111,11
7479,111121,11112,1111,111,11
7480,111121,11112,1111,111,11
7481,72111,7211,721,72,7
7482,111121,11112,1111,111,11
7483,53311,5331,533,53,5
7484,111121,11112,1111,111,11
7485,111121,11112,1111,111,11
7486,111121,,,,
7487,111121,11112,1111,111,11
7488,111121,11112,1111,111,11
7489,111121,11112,1111,111,11
7490,111121,11112,1111,111,11
7491,43111,4311,431,43,4
7492,201116,,,,
7493,54111,5411,541,54,5
7494,53211,,,,
7495,111121,11112,1111,111,11
7496,111132,,,,
7497,111132,11113,1111,111,11
7498,111121,11112,1111,111,11
7499,111121,11112,1111,111,11
7500,111121,11112,1111,111,11
7501,111121,11112,1111,111,11
7502,111121,11112,1111,111,11
7503,111121,11112,1111,111,11
7504,111121,11112,1111,111,11
7505,111121,11112,1111,111,11
7506,111121,,,,
7507,111121,11112,1111,111,11
7508,111121,11112,1111,111,11
7509,111132,,,,
7510,111121,11112,1111,111,11
7511,111121,11112,1111,111,11
7512,111121,11112,1111,111,11
7513,111121,11112,1111,111,11
7514,111121,11112,1111,111,11
7515,11721,,,,
7516,201123,20112,2011,201,20
7517,11132,1113,111,11,1
7518,111121,11112,1111,111,11
7519,111121,11112,1111,111,11
7520,111121,,,,
7521,111121,11112,1111,111,11
7522,111121,,,,
7523,111121,,,,
7524,111121,11112,1111,111,11
7525,111121,11112,1111,111,11
7526,111121,11112,1111,111,11
7527,111121,,,,
7528,111121,11112,1111,111,11
7529,53211,5321,532,53,5
7530,111121,11112,1111,111,11
7531,111121,11112,1111,111,11
7532,111121,11112,1111,111,11
7533,111121,11112,1111,111,11
7534,11821,1182,118,11,1
7535,111121,11112,1111,111,11
7536,111121,11112,1111,111,11
7537,111121,11112,1111,111,11
7538,111121,11112,1111,111,11
7539,111121,11112,1111,111,11
7540,111121,11112,1111,111,11
7541,111121,,,,
7542,111121,11112,1111,111,11
7543,111121,,,,
7544,111121,11112,1111,111,11
7545,111121,11112,1111,111,11
7546,111121,11112,1111,111,11
7547,111121,11112,1111,111,11
7548,53131,5313,531,53,5
7549,91311,9131,913,91,9
7550,111121,11112,1111,111,11
7551,111121,11112,1111,111,11
7552,111121,11112,1111,111,11
7553,111121,11112,1111,111,11
7554,111121,11112,1111,111,11
7555,111121,,,,
7556,111121,11112,1111,111,11
7557,61311,6131,613,61,6
7558,111121,11112,1111,111,11
7559,111121,11112,1111,111,11
7560,111121,11112,1111,111,11
7561,111121,11112,1111,111,11
7562,111121,11112,1111,111,11
7563,111121,11112,1111,111,11
7564,111121,11112,1111,111,11
7565,111121,11112,1111,111,11
7566,111121,11112,1111,111,11
7567,111121,11112,1111,111,11
7568,111121,,,,
7569,111121,11112,1111,111,11
7570,111121,11112,1111,111,11
7571,111121,11112,1111,111,11
7572,111121,11112,1111,111,11
7573,111121,11112,1111,111,11
7574,111121,11112,1111,111,11
7575,111121,11112,1111,111,11
7576,111121,11112,1111,111,11
7577,111121,11112,1111,111,11
7578,111121,11112,1111,111,11
7579,111121,11112,1111,111,11
7580,111121,11112,1111,111,11
7581,111121,11112,1111,111,11
7582,111121,11112,1111,111,11
7583,111121,11112,1111,111,11
7584,111121,11112,1111,111,11
7585,111121,11112,1111,111,11
7586,111121,11112,1111,111,11
7587,111121,11112,1111,111,11
7588,111121,11112,1111,111,11
7589,111121,11112,1111,111,11
7590,111121,11112,1111,111,11
7591,111121,11112,1111,111,11
7592,111121,11112,1111,111,11
7593,111121,11112,1111,111,11
7594,111121,11112,1111,111,11
7595,111121,11112,1111,111,11
7596,111121,11112,1111,111,11
7597,111121,11112,1111,111,11
7598,111121,11112,1111,111,11
7599,111121,11112,1111,111,11
7600,111121,11112,1111,111,11
7601,111121,11112,1111,111,11
7602,111121,11112,1111,111,11
7603,111121,11112,1111,111,11
7604,111121,11112,1111,111,11
7605,111121,11112,1111,111,11
7606,111121,11112,1111,111,11
7607,111121,11112,1111,111,11
7608,111121,11112,1111,111,11
7609,111121,11112,1111,111,11
7610,111121,11112,1111,111,11
7611,111121,11112,1111,111,11
7612,111121,11112,1111,111,11
7613,111121,11112,1111,111,11
7614,111121,11112,1111,111,11
7615,111121,11112,1111,111,11
7616,111121,11112,1111,111,11
7617,111121,11112,1111,111,11
7618,111121,11112,1111,111,11
7619,111121,11112,1111,111,11
7620,111121,,,,
7621,111121,11112,1111,111,11
7622,111121,11112,1111,111,11
7623,111121,11112,1111,111,11
7624,111121,11112,1111,111,11
7625,111121,11112,1111,111,11
7626,111121,11112,1111,111,11
7627,111121,11112,1111,111,11
7628,111121,11112,1111,111,11
7629,111121,11112,1111,111,11
7630,111121,,,,
7631,111121,11112,1111,111,11
7632,111121,11112,1111,111,11
7633,111121,11112,1111,111,11
7634,111121,11112,1111,111,11
7635,111121,11112,1111,111,11
7636,111121,,,,
7637,111121,11112,1111,111,11
7638,111141,11114,1111,111,11
7639,111121,,,,
7640,111121,11112,1111,111,11
7641,111121,11112,1111,111,11
7642,111121,11112,1111,111,11
7643,111121,,,,
7644,111121,11112,1111,111,11
7645,111121,11112,1111,111,11
7646,111121,11112,1111,111,11
7647,111121,11112,1111,111,11
7648,111121,11112,1111,111,11
7649,111121,11112,1111,111,11
7650,111121,11112,1111,111,11
7651,111121,11112,1111,111,11
7652,111121,11112,1111,111,11
7653,111121,11112,1111,111,11
7654,111121,11112,1111,111,11
7655,111121,11112,1111,111,11
7656,111121,11112,1111,111,11
7657,111121,11112,1111,111,11
7658,111121,11112,1111,111,11
7659,111121,11112,1111,111,11
7660,111121,11112,1111,111,11
7661,111121,11112,1111,111,11
7662,111121,11112,1111,111,11
7663,111132,11113,1111,111,11
7664,111121,11112,1111,111,11
7665,111121,11112,1111,111,11
7666,111121,,,,
7667,111132,11113,1111,111,11
7668,111121,11112,1111,111,11
7669,111121,11112,1111,111,11
7670,111121,,,,
7671,111121,,,,
7672,111121,,,,
7673,111121,11112,1111,111,11
7674,111121,11112,1111,111,11
7675,111121,,,,
7676,111121,11112,1111,111,11
7677,111121,,,,
7678,91311,9131,913,91,9
7679,111121,11112,1111,111,11
7680,111121,11112,1111,111,11
7681,111121,11112,1111,111,11
7682,111121,11112,1111,111,11
7683,111121,11112,1111,111,11
7684,111121,11112,1111,111,11
7685,111121,11112,1111,111,11
7687,111121,11112,1111,111,11
7688,121321,12132,1213,121,12
7689,111121,,,,
7690,111121,11112,1111,111,11
7691,111121,11112,1111,111,11
7692,111121,11112,1111,111,11
7693,111121,11112,1111,111,11
7694,111121,11112,1111,111,11
7695,111121,11112,1111,111,11
7696,111121,,,,
7697,111121,,,,
7698,111121,,,,
7699,111121,,,,
7700,95311,9531,953,95,9
7701,111121,11112,1111,111,11
7702,111121,11112,1111,111,11
7703,111121,11112,1111,111,11
7704,111121,11112,1111,111,11
7705,111121,,,,
7706,111121,11112,1111,111,11
7707,111121,11112,1111,111,11
7708,111121,11112,1111,111,11
7709,111121,11112,1111,111,11
7710,111121,,,,
7711,111121,11112,1111,111,11
7712,111121,11112,1111,111,11
7713,111121,11112,1111,111,11
7714,11113,1111,111,11,1
7715,111121,11112,1111,111,11
7716,52121,5212,521,52,5
7717,201118,20111,2011,201,20
7718,111121,11112,1111,111,11
7719,111121,11112,1111,111,11
7720,111121,11112,1111,111,11
7721,111121,,,,
7722,111121,11112,1111,111,11
7723,111121,11112,1111,111,11
7724,111121,11112,1111,111,11
7725,111121,11112,1111,111,11
7726,111132,11113,1111,111,11
7727,111121,11112,1111,111,11
7728,72111,7211,721,72,7
7729,43211,4321,432,43,4
7730,111121,11112,1111,111,11
7731,111121,11112,1111,111,11
7732,111121,11112,1111,111,11
7733,111121,11112,1111,111,11
7734,111121,11112,1111,111,11
7735,111121,11112,1111,111,11
7736,111132,,,,
7737,111121,11112,1111,111,11
7738,111121,11112,1111,111,11
7739,111121,11112,1111,111,11
7740,72111,7211,721,72,7
7741,72311,7231,723,72,7
7742,72311,7231,723,72,7
7743,72111,7211,721,72,7
7744,111121,11112,1111,111,11
7745,111121,11112,1111,111,11
7746,111121,,,,
7747,111121,11112,1111,111,11
7748,111121,,,,
7749,111121,11112,1111,111,11
7750,111121,11112,1111,111,11
7751,111121,11112,1111,111,11
7752,111121,11112,1111,111,11
7753,111121,11112,1111,111,11
7754,43111,4311,431,43,4
7755,111121,,,,
7756,111121,11112,1111,111,11
7757,111121,11112,1111,111,11
7758,61311,6131,613,61,6
7759,96111,9611,961,96,9
7760,127111,12711,1271,127,12
7761,111121,11112,1111,111,11
7762,111121,11112,1111,111,11
7763,111121,11112,1111,111,11
7764,111121,11112,1111,111,11
7765,111121,11112,1111,111,11
7766,111121,11112,1111,111,11
7768,111121,,,,
7769,111121,11112,1111,111,11
7770,111121,11112,1111,111,11
7771,111121,11112,1111,111,11
7772,111121,11112,1111,111,11
7773,111121,11112,1111,111,11
7774,111121,11112,1111,111,11
7775,111121,,,,
7776,111121,11112,1111,111,11
7777,111121,11112,1111,111,11
7778,111121,11112,1111,111,11
7779,111121,11112,1111,111,11
7780,111121,11112,1111,111,11
7781,111121,11112,1111,111,11
7782,111121,11112,1111,111,11
7783,111121,11112,1111,111,11
7784,111121,11112,1111,111,11
7785,111121,,,,
7786,111121,11112,1111,111,11
7787,111121,11112,1111,111,11
7788,111121,11112,1111,111,11
7789,111121,11112,1111,111,11
7790,111121,11112,1111,111,11
7791,111121,11112,1111,111,11
7792,111121,11112,1111,111,11
7793,111121,,,,
7794,111121,11112,1111,111,11
7795,111121,11112,1111,111,11
7796,111121,11112,1111,111,11
7797,111121,,,,
7798,111121,11112,1111,111,11
7799,111121,11112,1111,111,11
7800,111121,11112,1111,111,11
7801,111121,11112,1111,111,11
7802,111121,11112,1111,111,11
7803,111121,11112,1111,111,11
7804,11113,1111,111,11,1
7805,201118,,,,
7807,111121,,,,
7808,111121,11112,1111,111,11
7809,111121,11112,1111,111,11
7810,111121,11112,1111,111,11
7811,111121,11112,1111,111,11
7812,111121,11112,1111,111,11
7813,111121,11112,1111,111,11
7814,111121,11112,1111,111,11
7815,111121,11112,1111,111,11
7816,111121,11112,1111,111,11
7817,111121,11112,1111,111,11
7818,111121,11112,1111,111,11
7819,111121,,,,
7820,111121,11112,1111,111,11
7821,111121,11112,1111,111,11
7822,111121,11112,1111,111,11
7823,111121,11112,1111,111,11
7824,111121,11112,1111,111,11
7825,111121,11112,1111,111,11
7826,111121,11112,1111,111,11
7827,111121,11112,1111,111,11
7828,111121,11112,1111,111,11
7829,111121,11112,1111,111,11
7830,111121,11112,1111,111,11
7831,111121,,,,
7832,111121,,,,
7833,111121,11112,1111,111,11
7834,111121,,,,
7835,111121,11112,1111,111,11
7836,91411,9141,914,91,9
7837,11111,1111,111,11,1
7838,11212,1121,112,11,1
7839,11212,1121,112,11,1
7840,54111,,,,
7841,43211,4321,432,43,4
7842,121321,12132,1213,121,12
7843,111121,,,,
7844,111121,11112,1111,111,11
7845,111121,11112,1111,111,11
7846,111121,11112,1111,111,11
7848,111121,11112,1111,111,11
7849,111121,,,,
7850,111121,11112,1111,111,11
7853,111121,11112,1111,111,11
7854,111121,11112,1111,111,11
7855,111121,,,,
7856,111121,11112,1111,111,11
7857,111121,11112,1111,111,11
7858,111121,,,,
7859,111121,11112,1111,111,11
7860,111121,,,,
7861,111121,11112,1111,111,11
7862,111121,11112,1111,111,11
7863,111121,11112,1111,111,11
7864,111121,11112,1111,111,11
7865,111121,11112,1111,111,11
7866,111121,11112,1111,111,11
7867,111121,11112,1111,111,11
7868,111121,11112,1111,111,11
7869,111121,11112,1111,111,11
7870,111121,,,,
7871,111121,,,,
7872,111121,11112,1111,111,11
7873,111121,11112,1111,111,11
7874,111121,11112,1111,111,11
7875,111121,11112,1111,111,11
7876,111121,11112,1111,111,11
7877,111121,11112,1111,111,11
7878,111121,11112,1111,111,11
7879,111121,11112,1111,111,11
7880,111121,11112,1111,111,11
7881,111121,,,,
7882,111121,,,,
7883,111121,11112,1111,111,11
7884,111121,11112,1111,111,11
7885,111121,11112,1111,111,11
7886,111121,11112,1111,111,11
7887,52121,,,,
7888,43111,4311,431,43,4
7889,43111,4311,431,43,4
7890,11431,1143,114,11,1
7891,11321,,,,
7892,111121,11112,1111,111,11
7893,93411,9341,934,93,9
7894,55211,5521,552,55,5
7895,72111,7211,721,72,7
7896,111121,11112,1111,111,11
7897,111121,11112,1111,111,11
7898,111121,11112,1111,111,11
7899,111121,11112,1111,111,11
7901,111121,11112,1111,111,11
7902,111121,11112,1111,111,11
7903,111121,11112,1111,111,11
7904,111121,11112,1111,111,11
7905,111121,,,,
7906,111121,11112,1111,111,11
7907,111121,11112,1111,111,11
7908,111121,11112,1111,111,11
7909,111121,,,,
7910,111121,11112,1111,111,11
7911,111121,11112,1111,111,11
7912,111121,11112,1111,111,11
7913,111121,11112,1111,111,11
7914,111121,11112,1111,111,11
7915,111121,11112,1111,111,11
7916,111121,,,,
7917,111121,11112,1111,111,11
7918,111121,11112,1111,111,11
7919,111121,11112,1111,111,11
7920,111121,11112,1111,111,11
7921,111121,11112,1111,111,11
7922,111121,11112,1111,111,11
7923,111121,11112,1111,111,11
7924,111121,11112,1111,111,11
7925,111121,11112,1111,111,11
7926,111121,11112,1111,111,11
7927,111121,11112,1111,111,11
7928,111121,11112,1111,111,11
7929,111121,11112,1111,111,11
7930,111121,11112,1111,111,11
7931,111121,11112,1111,111,11
7932,111121,11112,1111,111,11
7933,111121,11112,1111,111,11
7934,111121,11112,1111,111,11
7935,111121,11112,1111,111,11
7936,111121,11112,1111,111,11
7937,111121,11112,1111,111,11
7938,111121,,,,
7939,111121,11112,1111,111,11
7940,111121,11112,1111,111,11
7941,111121,11112,1111,111,11
7942,111121,11112,1111,111,11
7943,111121,,,,
7944,111121,,,,
7945,111121,11112,1111,111,11
7946,111121,11112,1111,111,11
7947,111121,11112,1111,111,11
7948,111121,11112,1111,111,11
7949,111121,11112,1111,111,11
7950,111121,,,,
7951,111121,11112,1111,111,11
7952,111121,,,,
7953,111121,11112,1111,111,11
7954,111121,11112,1111,111,11
7955,111121,11112,1111,111,11
7956,111121,11112,1111,111,11
7957,111121,11112,1111,111,11
7958,111121,11112,1111,111,11
7959,111121,11112,1111,111,11
7960,111121,11112,1111,111,11
7961,111121,11112,1111,111,11
7962,111121,11112,1111,111,11
7963,111121,11112,1111,111,11
7964,111121,11112,1111,111,11
7965,111121,11112,1111,111,11
7966,111121,11112,1111,111,11
7967,111121,11112,1111,111,11
7968,111121,11112,1111,111,11
7969,111121,11112,1111,111,11
7970,111121,11112,1111,111,11
7971,111121,11112,1111,111,11
7972,111121,,,,
7973,111121,,,,
7974,111121,,,,
7975,111121,,,,
7976,111121,,,,
7977,111121,11112,1111,111,11
7978,111121,11112,1111,111,11
7979,111121,11112,1111,111,11
7980,111121,11112,1111,111,11
7981,111121,11112,1111,111,11
7982,111121,11112,1111,111,11
7983,111121,11112,1111,111,11
7984,111121,11112,1111,111,11
7985,111121,11112,1111,111,11
7986,111121,11112,1111,111,11
7987,111121,11112,1111,111,11
7988,111121,11112,1111,111,11
7989,111121,11112,1111,111,11
7990,111121,11112,1111,111,11
7991,111121,11112,1111,111,11
7992,111121,11112,1111,111,11
7993,111121,11112,1111,111,11
7994,111121,11112,1111,111,11
7995,111121,11112,1111,111,11
7996,111121,11112,1111,111,11
7997,111121,11112,1111,111,11
7998,111121,,,,
7999,111121,11112,1111,111,11
8000,111121,11112,1111,111,11
8001,111121,11112,1111,111,11
8002,111121,11112,1111,111,11
8003,111121,11112,1111,111,11
8004,111121,11112,1111,111,11
8005,111121,11112,1111,111,11
8006,111121,11112,1111,111,11
8007,111121,11112,1111,111,11
8008,111121,11112,1111,111,11
8009,111121,11112,1111,111,11
8010,111121,11112,1111,111,11
8011,111121,11112,1111,111,11
8012,111121,11112,1111,111,11
8013,111121,11112,1111,111,11
8014,111121,11112,1111,111,11
8015,111121,11112,1111,111,11
8016,111121,11112,1111,111,11
8017,111121,,,,
8018,111121,11112,1111,111,11
8019,111121,11112,1111,111,11
8020,111121,11112,1111,111,11
8021,111121,11112,1111,111,11
8022,111121,11112,1111,111,11
8023,111121,11112,1111,111,11
8024,111121,11112,1111,111,11
8025,111121,11112,1111,111,11
8026,111121,11112,1111,111,11
8027,111121,11112,1111,111,11
8028,111121,11112,1111,111,11
8029,111121,11112,1111,111,11
8030,111121,11112,1111,111,11
8031,111121,11112,1111,111,11
8032,111121,11112,1111,111,11
8033,111121,11112,1111,111,11
8034,111121,11112,1111,111,11
8035,111121,11112,1111,111,11
8036,111121,,,,
8037,111121,,,,
8038,111121,,,,
8039,111121,11112,1111,111,11
8040,111121,11112,1111,111,11
8041,111121,11112,1111,111,11
8042,111121,11112,1111,111,11
8043,111121,11112,1111,111,11
8044,111121,11112,1111,111,11
8045,111121,11112,1111,111,11
8046,111121,,,,
8047,111121,11112,1111,111,11
8048,111121,,,,
8049,111121,11112,1111,111,11
8050,111121,11112,1111,111,11
8051,111121,,,,
8052,111121,11112,1111,111,11
8053,111121,11112,1111,111,11
8054,111121,,,,
8055,111121,,,,
8056,111121,,,,
8057,111121,,,,
8058,111132,11113,1111,111,11
8059,111121,11112,1111,111,11
8060,111121,,,,
8061,111121,11112,1111,111,11
8062,111121,11112,1111,111,11
8063,111121,11112,1111,111,11
8064,111121,11112,1111,111,11
8065,111121,11112,1111,111,11
8066,111121,,,,
8067,111121,,,,
8068,111121,11112,1111,111,11
8069,111121,11112,1111,111,11
8070,111121,11112,1111,111,11
8071,111121,11112,1111,111,11
8072,111121,11112,1111,111,11
8073,111121,,,,
8074,111121,11112,1111,111,11
8075,111121,,,,
8076,111121,11112,1111,111,11
8077,111121,11112,1111,111,11
8078,111121,11112,1111,111,11
8079,111121,11112,1111,111,11
8080,111121,,,,
8081,111121,,,,
8082,111121,11112,1111,111,11
8083,111121,,,,
8084,111121,,,,
8085,111121,11112,1111,111,11
8086,111121,11112,1111,111,11
8087,111121,11112,1111,111,11
8088,111121,11112,1111,111,11
8089,111121,11112,1111,111,11
8090,111132,11113,1111,111,11
8091,111121,11112,1111,111,11
8092,111121,,,,
8093,111121,11112,1111,111,11
8094,111121,11112,1111,111,11
8095,111121,11112,1111,111,11
8096,111121,11112,1111,111,11
8097,111121,11112,1111,111,11
8098,111121,11112,1111,111,11
8099,111121,11112,1111,111,11
8100,111121,11112,1111,111,11
8101,111121,11112,1111,111,11
8102,111121,11112,1111,111,11
8103,111121,11112,1111,111,11
8104,111121,11112,1111,111,11
8105,111121,11112,1111,111,11
8106,111121,11112,1111,111,11
8107,111121,11112,1111,111,11
8108,111121,11112,1111,111,11
8109,111121,11112,1111,111,11
8110,111121,11112,1111,111,11
8111,111121,11112,1111,111,11
8112,111121,11112,1111,111,11
8113,111121,11112,1111,111,11
8114,111121,11112,1111,111,11
8115,111121,11112,1111,111,11
8116,111121,11112,1111,111,11
8117,111121,11112,1111,111,11
8118,111121,11112,1111,111,11
8119,111121,11112,1111,111,11
8120,111121,11112,1111,111,11
8121,111121,11112,1111,111,11
8122,111132,11113,1111,111,11
8123,111121,11112,1111,111,11
8124,111121,11112,1111,111,11
8125,111121,11112,1111,111,11
8126,111121,11112,1111,111,11
8127,111121,11112,1111,111,11
8128,111121,11112,1111,111,11
8129,111121,,,,
8130,111121,11112,1111,111,11
8131,111121,11112,1111,111,11
8132,111121,11112,1111,111,11
8133,111121,11112,1111,111,11
8134,111121,11112,1111,111,11
8135,111121,11112,1111,111,11
8136,111121,11112,1111,111,11
8137,111121,11112,1111,111,11
8138,111121,11112,1111,111,11
8139,111121,11112,1111,111,11
8140,111121,11112,1111,111,11
8141,111121,11112,1111,111,11
8142,111121,11112,1111,111,11
8143,111121,11112,1111,111,11
8144,111121,11112,1111,111,11
8145,111121,11112,1111,111,11
8146,111121,,,,
8147,111121,11112,1111,111,11
8148,111121,11112,1111,111,11
8149,111121,11112,1111,111,11
8150,111121,11112,1111,111,11
8151,111121,11112,1111,111,11
8152,111121,11112,1111,111,11
8153,111121,,,,
8154,111121,11112,1111,111,11
8155,111121,11112,1111,111,11
8156,111121,,,,
8157,111121,,,,
8158,111121,,,,
8159,111121,11112,1111,111,11
8160,111121,11112,1111,111,11
8161,111121,11112,1111,111,11
8162,12231,1223,122,12,1
8163,111121,11112,1111,111,11
8164,111121,11112,1111,111,11
8165,111121,11112,1111,111,11
8166,111121,11112,1111,111,11
8167,111121,11112,1111,111,11
8168,111121,11112,1111,111,11
8169,111121,11112,1111,111,11
8170,111121,11112,1111,111,11
8171,111121,11112,1111,111,11
8172,111121,,,,
8173,111121,,,,
8174,111121,11112,1111,111,11
8175,111121,,,,
8176,111121,11112,1111,111,11
8177,111121,11112,1111,111,11
8178,111121,11112,1111,111,11
8179,111121,11112,1111,111,11
8180,111121,11112,1111,111,11
8181,111132,11113,1111,111,11
8182,111121,11112,1111,111,11
8183,111121,11112,1111,111,11
8184,111121,11112,1111,111,11
8185,111121,11112,1111,111,11
8186,111121,11112,1111,111,11
8187,111121,11112,1111,111,11
8188,111121,11112,1111,111,11
8189,111132,11113,1111,111,11
8190,111121,11112,1111,111,11
8191,111121,11112,1111,111,11
8192,111121,11112,1111,111,11
8193,111121,11112,1111,111,11
8194,111121,11112,1111,111,11
8195,111121,11112,1111,111,11
8196,111121,11112,1111,111,11
8197,111121,11112,1111,111,11
8198,111121,,,,
8199,111121,11112,1111,111,11
8200,111121,11112,1111,111,11
8201,111132,11113,1111,111,11
8202,111121,11112,1111,111,11
8203,111121,11112,1111,111,11
8204,111121,11112,1111,111,11
8205,111121,11112,1111,111,11
8206,111121,11112,1111,111,11
8207,111121,11112,1111,111,11
8208,111121,11112,1111,111,11
8209,111121,11112,1111,111,11
8210,111121,11112,1111,111,11
8211,111121,11112,1111,111,11
8212,111121,11112,1111,111,11
8213,111132,11113,1111,111,11
8214,111121,11112,1111,111,11
8215,111121,11112,1111,111,11
8216,111121,11112,1111,111,11
8217,111121,11112,1111,111,11
8218,111121,11112,1111,111,11
8219,111121,,,,
8220,111121,11112,1111,111,11
8221,111121,11112,1111,111,11
8222,111121,11112,1111,111,11
8223,111121,11112,1111,111,11
8224,111121,,,,
8225,111121,11112,1111,111,11
8226,111121,11112,1111,111,11
8227,111121,11112,1111,111,11
8228,111121,11112,1111,111,11
8229,21111,2111,211,21,2
8230,111121,11112,1111,111,11
8231,111121,11112,1111,111,11
8232,43211,4321,432,43,4
8233,51141,,,,
8234,61211,6121,612,61,6
8235,43111,4311,431,43,4
8236,62311,6231,623,62,6
8237,111121,11112,1111,111,11
8238,111121,11112,1111,111,11
8239,111121,11112,1111,111,11
8240,111121,11112,1111,111,11
8243,72311,7231,723,72,7
8244,11921,1192,119,11,1
8245,62311,6231,623,62,6
8246,11111,1111,111,11,1
8247,93511,9351,935,93,9
8248,53121,,,,
8249,123211,,,,
8250,61311,6131,613,61,6
8251,61171,6117,611,61,6
8252,105111,10511,1051,105,10
8253,121321,,,,
8254,121321,,,,
8255,54131,,,,
8256,62311,,,,
8257,121211,,,,
8258,51311,,,,
8259,82111,,,,
8260,93111,,,,
8261,61211,6121,612,61,6
8262,54131,5413,541,54,5
8263,61211,6121,612,61,6
8264,95411,9541,954,95,9
8265,105111,,,,
8266,94111,9411,941,94,9
8267,61211,,,,
8268,105111,10511,1051,105,10
8269,94121,9412,941,94,9
8270,94121,9412,941,94,9
8271,105111,10511,1051,105,10
8272,72111,7211,721,72,7
8273,127111,12711,1271,127,12
8274,127111,12711,1271,127,12
8275,121321,12132,1213,121,12
8276,11113,,,,
8277,111132,11113,1111,111,11
8278,111121,11112,1111,111,11
8279,111121,11112,1111,111,11
8280,111121,11112,1111,111,11
8281,111121,11112,1111,111,11
8282,111121,11112,1111,111,11
8283,111121,11112,1111,111,11
8284,111121,11112,1111,111,11
8285,111121,,,,
8286,111121,11112,1111,111,11
8287,111121,11112,1111,111,11
8288,111121,11112,1111,111,11
8289,111121,11112,1111,111,11
8290,111121,11112,1111,111,11
8291,111121,11112,1111,111,11
8292,111121,11112,1111,111,11
8293,111121,,,,
8294,111121,,,,
8295,111121,11112,1111,111,11
8296,111121,11112,1111,111,11
8297,111121,,,,
8298,111121,11112,1111,111,11
8299,111121,11112,1111,111,11
8300,111121,11112,1111,111,11
8301,111121,,,,
8302,111121,,,,
8303,111121,11112,1111,111,11
8304,111121,11112,1111,111,11
8305,111121,11112,1111,111,11
8306,111121,11112,1111,111,11
8307,111121,11112,1111,111,11
8308,111121,,,,
8309,111121,,,,
8310,111121,11112,1111,111,11
8311,111121,11112,1111,111,11
8312,111121,,,,
8313,111121,,,,
8314,111121,11112,1111,111,11
8315,111121,,,,
8316,111121,11112,1111,111,11
8317,111121,11112,1111,111,11
8318,111121,,,,
8319,111121,,,,
8320,111121,,,,
8321,111121,,,,
8322,111121,11112,1111,111,11
8323,111121,11112,1111,111,11
8324,111121,11112,1111,111,11
8325,111121,11112,1111,111,11
8326,111121,11112,1111,111,11
8327,111121,11112,1111,111,11
8328,111121,11112,1111,111,11
8329,51311,5131,513,51,5
8330,111121,11112,1111,111,11
8331,43211,4321,432,43,4
8332,111121,11112,1111,111,11
8333,111121,11112,1111,111,11
8334,43211,4321,432,43,4
8335,111121,11112,1111,111,11
8336,111121,11112,1111,111,11
8337,111121,11112,1111,111,11
8338,111121,11112,1111,111,11
8339,111121,11112,1111,111,11
8340,72111,7211,721,72,7
8341,93111,9311,931,93,9
8342,31291,3129,312,31,3
8343,54111,,,,
8344,105111,10511,1051,105,10
8345,62311,,,,
8346,54131,5413,541,54,5
8347,55222,5522,552,55,5
8348,56121,5612,561,56,5
8349,72111,7211,721,72,7
8350,111121,11112,1111,111,11
8351,111121,11112,1111,111,11
8352,111121,11112,1111,111,11
8353,111121,11112,1111,111,11
8354,111121,11112,1111,111,11
8355,111121,11112,1111,111,11
8356,111121,11112,1111,111,11
8357,111121,11112,1111,111,11
8358,111121,11112,1111,111,11
8359,111121,,,,
8360,111121,11112,1111,111,11
8361,111121,11112,1111,111,11
8362,111121,11112,1111,111,11
8363,111121,11112,1111,111,11
8364,111121,11112,1111,111,11
8365,111121,11112,1111,111,11
8366,111121,11112,1111,111,11
8367,111121,11112,1111,111,11
8368,72311,7231,723,72,7
8369,111121,11112,1111,111,11
8370,61171,6117,611,61,6
8371,105111,10511,1051,105,10
8372,105111,10511,1051,105,10
8373,72311,7231,723,72,7
8374,72111,7211,721,72,7
8375,111121,,,,
8376,111121,,,,
8377,111121,11112,1111,111,11
8378,111121,11112,1111,111,11
8379,111121,11112,1111,111,11
8380,111121,11112,1111,111,11
8381,111121,,,,
8382,111121,11112,1111,111,11
8383,53311,5331,533,53,5
8384,43211,4321,432,43,4
8385,111121,11112,1111,111,11
8386,111121,11112,1111,111,11
8387,111121,11112,1111,111,11
8388,111121,11112,1111,111,11
8389,111121,11112,1111,111,11
8390,111121,11112,1111,111,11
8391,111121,11112,1111,111,11
8392,111132,11113,1111,111,11
8393,111121,11112,1111,111,11
8394,111121,11112,1111,111,11
8395,111121,11112,1111,111,11
8396,111121,,,,
8397,111121,11112,1111,111,11
8398,111121,11112,1111,111,11
8399,111121,,,,
8400,111121,,,,
8401,111121,11112,1111,111,11
8402,105111,10511,1051,105,10
8403,111121,,,,
8404,111121,,,,
8405,111121,11112,1111,111,11
8406,111121,11112,1111,111,11
8407,111121,11112,1111,111,11
8408,111121,11112,1111,111,11
8409,111121,11112,1111,111,11
8410,111121,11112,1111,111,11
8411,111121,,,,
8412,111121,11112,1111,111,11
8413,111121,11112,1111,111,11
8414,111121,11112,1111,111,11
8415,111121,11112,1111,111,11
8416,111121,11112,1111,111,11
8417,111121,11112,1111,111,11
8418,111121,11112,1111,111,11
8419,111121,,,,
8420,111121,11112,1111,111,11
8421,111121,,,,
8422,111121,11112,1111,111,11
8423,111121,11112,1111,111,11
8424,111121,11112,1111,111,11
8425,111121,11112,1111,111,11
8426,111121,11112,1111,111,11
8427,111121,11112,1111,111,11
8428,105111,,,,
8429,111121,11112,1111,111,11
8430,111121,11112,1111,111,11
8431,111121,,,,
8432,111121,11112,1111,111,11
8433,111121,11112,1111,111,11
8434,111121,11112,1111,111,11
8435,111121,11112,1111,111,11
8436,111121,11112,1111,111,11
8437,111121,11112,1111,111,11
8438,111121,11112,1111,111,11
8439,111132,,,,
8440,111121,11112,1111,111,11
8441,111121,11112,1111,111,11
8442,111121,11112,1111,111,11
8443,111121,,,,
8444,111121,,,,
8445,111121,11112,1111,111,11
8446,111121,11112,1111,111,11
8447,111121,11112,1111,111,11
8448,111121,11112,1111,111,11
8449,111121,11112,1111,111,11
8450,111121,,,,
8451,111121,11112,1111,111,11
8452,111121,11112,1111,111,11
8453,111121,11112,1111,111,11
8454,111121,11112,1111,111,11
8455,111121,11112,1111,111,11
8456,111121,11112,1111,111,11
8457,111121,11112,1111,111,11
8458,111121,11112,1111,111,11
8459,111121,,,,
8460,111121,11112,1111,111,11
8461,111121,11112,1111,111,11
8462,111121,11112,1111,111,11
8463,111121,11112,1111,111,11
8464,111121,11112,1111,111,11
8465,111121,11112,1111,111,11
8466,111121,11112,1111,111,11
8467,111121,11112,1111,111,11
8468,111121,11112,1111,111,11
8469,111121,11112,1111,111,11
8470,111121,11112,1111,111,11
8471,111121,11112,1111,111,11
8472,111121,,,,
8473,111121,,,,
8474,111121,11112,1111,111,11
8475,111121,11112,1111,111,11
8476,111121,11112,1111,111,11
8477,111121,11112,1111,111,11
8478,111121,11112,1111,111,11
8479,111121,11112,1111,111,11
8480,111121,,,,
8481,111121,11112,1111,111,11
8482,111121,11112,1111,111,11
8483,111121,,,,
8484,111121,11112,1111,111,11
8485,111121,11112,1111,111,11
8486,111121,,,,
8487,111121,,,,
8488,111121,11112,1111,111,11
8489,111121,11112,1111,111,11
8490,111121,11112,1111,111,11
8491,111121,11112,1111,111,11
8492,111121,11112,1111,111,11
8493,111121,11112,1111,111,11
8494,111121,11112,1111,111,11
8495,111121,11112,1111,111,11
8496,111121,11112,1111,111,11
8497,111121,11112,1111,111,11
8498,111121,,,,
8499,111121,11112,1111,111,11
8500,111121,11112,1111,111,11
8501,111121,11112,1111,111,11
8502,111121,11112,1111,111,11
8503,111121,,,,
8504,111121,,,,
8505,111121,,,,
8506,111121,11112,1111,111,11
8507,111121,11112,1111,111,11
8508,111121,11112,1111,111,11
8509,111121,11112,1111,111,11
8510,111121,11112,1111,111,11
8511,111121,11112,1111,111,11
8512,111121,11112,1111,111,11
8513,111121,,,,
8514,111121,11112,1111,111,11
8515,111121,11112,1111,111,11
8516,111121,11112,1111,111,11
8517,111121,11112,1111,111,11
8518,111121,11112,1111,111,11
8519,111121,11112,1111,111,11
8520,111121,11112,1111,111,11
8521,111121,11112,1111,111,11
8522,111121,11112,1111,111,11
8523,111121,11112,1111,111,11
8524,111121,11112,1111,111,11
8525,111121,,,,
8526,111121,11112,1111,111,11
8527,111121,11112,1111,111,11
8528,111121,11112,1111,111,11
8529,111121,11112,1111,111,11
8530,111121,11112,1111,111,11
8531,111121,11112,1111,111,11
8532,111121,11112,1111,111,11
8533,111121,11112,1111,111,11
8534,111121,11112,1111,111,11
8535,111121,,,,
8536,111121,11112,1111,111,11
8537,111121,11112,1111,111,11
8538,111121,11112,1111,111,11
8539,111121,11112,1111,111,11
8540,111121,11112,1111,111,11
8541,111121,11112,1111,111,11
8542,111121,11112,1111,111,11
8543,111121,11112,1111,111,11
8544,111121,11112,1111,111,11
8545,111121,11112,1111,111,11
8546,111121,11112,1111,111,11
8547,111121,11112,1111,111,11
8548,111121,11112,1111,111,11
8549,111121,11112,1111,111,11
8550,111121,11112,1111,111,11
8551,111121,11112,1111,111,11
8552,111121,,,,
8553,111121,,,,
8554,111121,11112,1111,111,11
8555,111121,,,,
8556,111121,,,,
8557,111121,,,,
8558,111121,11112,1111,111,11
8559,111121,11112,1111,111,11
8560,111121,,,,
8561,111121,11112,1111,111,11
8562,111121,11112,1111,111,11
8563,111121,,,,
8564,111121,11112,1111,111,11
8565,111121,11112,1111,111,11
8566,111121,11112,1111,111,11
8567,111121,11112,1111,111,11
8568,111121,11112,1111,111,11
8569,111121,11112,1111,111,11
8570,111121,11112,1111,111,11
8571,111121,11112,1111,111,11
8572,111121,11112,1111,111,11
8573,111121,11112,1111,111,11
8574,111121,11112,1111,111,11
8575,111121,11112,1111,111,11
8576,43111,4311,431,43,4
8577,93111,,,,
8578,72212,7221,722,72,7
8579,111121,11112,1111,111,11
8580,111121,11112,1111,111,11
8581,111121,11112,1111,111,11
8582,111121,11112,1111,111,11
8583,111121,11112,1111,111,11
8584,111121,11112,1111,111,11
8585,111121,11112,1111,111,11
8586,111121,,,,
8587,111121,11112,1111,111,11
8588,111121,11112,1111,111,11
8589,111121,11112,1111,111,11
8590,111121,11112,1111,111,11
8591,111121,11112,1111,111,11
8592,111121,11112,1111,111,11
8593,111121,11112,1111,111,11
8594,111121,11112,1111,111,11
8595,111121,,,,
8596,111121,11112,1111,111,11
8597,111121,11112,1111,111,11
8598,111121,11112,1111,111,11
8599,111121,11112,1111,111,11
8600,111121,11112,1111,111,11
8601,111121,11112,1111,111,11
8602,111121,11112,1111,111,11
8603,111121,11112,1111,111,11
8604,111121,,,,
8605,111121,,,,
8606,111121,,,,
8607,111121,,,,
8608,111121,,,,
8609,111121,11112,1111,111,11
8610,111121,11112,1111,111,11
8611,11212,1121,112,11,1
8612,127111,12711,1271,127,12
8613,43211,,,,
8614,72311,7231,723,72,7
8615,62311,6231,623,62,6
8616,62311,6231,623,62,6
8617,201118,20111,2011,201,20
8618,127111,12711,1271,127,12
8619,72111,7211,721,72,7
8620,94221,9422,942,94,9
8621,111121,11112,1111,111,11
8622,111121,11112,1111,111,11
8623,111121,11112,1111,111,11
8624,111121,11112,1111,111,11
8625,111141,11114,1111,111,11
8626,111121,,,,
8627,111121,11112,1111,111,11
8628,111121,11112,1111,111,11
8629,111121,11112,1111,111,11
8630,111121,,,,
8631,111121,,,,
8632,111121,11112,1111,111,11
8633,111121,11112,1111,111,11
8634,111121,11112,1111,111,11
8635,111121,,,,
8636,111121,11112,1111,111,11
8637,111121,11112,1111,111,11
8638,111121,,,,
8639,111121,11112,1111,111,11
8640,111121,11112,1111,111,11
8641,111121,11112,1111,111,11
8642,111121,11112,1111,111,11
8644,111121,11112,1111,111,11
8645,111121,11112,1111,111,11
8646,111121,11112,1111,111,11
8647,111121,,,,
8648,111121,11112,1111,111,11
8649,111121,11112,1111,111,11
8650,111132,11113,1111,111,11
8651,111121,11112,1111,111,11
8652,111121,11112,1111,111,11
8653,111121,11112,1111,111,11
8654,111121,,,,
8655,111121,11112,1111,111,11
8656,111121,11112,1111,111,11
8657,111121,11112,1111,111,11
8658,111121,11112,1111,111,11
8659,111121,11112,1111,111,11
8660,111121,,,,
8661,111121,11112,1111,111,11
8662,111121,,,,
8663,111121,,,,
8664,111121,11112,1111,111,11
8665,111121,,,,
8666,111121,11112,1111,111,11
8667,111121,11112,1111,111,11
8668,111121,11112,1111,111,11
8669,111121,11112,1111,111,11
8670,111121,11112,1111,111,11
8671,111121,11112,1111,111,11
8672,111121,11112,1111,111,11
8673,111121,11112,1111,111,11
8674,111121,11112,1111,111,11
8675,111121,11112,1111,111,11
8676,111121,11112,1111,111,11
8677,111121,11112,1111,111,11
8678,111121,,,,
8679,111121,11112,1111,111,11
8680,111121,11112,1111,111,11
8681,111121,11112,1111,111,11
8682,111121,,,,
8683,111121,,,,
8684,111121,11112,1111,111,11
8685,111121,11112,1111,111,11
8686,111121,11112,1111,111,11
8687,111121,11112,1111,111,11
8688,111121,11112,1111,111,11
8689,111121,11112,1111,111,11
8690,111121,11112,1111,111,11
8691,111121,,,,
8692,111121,11112,1111,111,11
8693,111121,,,,
8694,111121,11112,1111,111,11
8695,111121,11112,1111,111,11
8696,111121,,,,
8697,111121,11112,1111,111,11
8698,111121,,,,
8699,111121,,,,
8700,111121,11112,1111,111,11
8701,111121,11112,1111,111,11
8702,111121,11112,1111,111,11
8703,111121,11112,1111,111,11
8704,111121,11112,1111,111,11
8705,111121,11112,1111,111,11
8706,12231,1223,122,12,1
8707,111121,11112,1111,111,11
8708,111121,11112,1111,111,11
8709,111121,11112,1111,111,11
8710,111121,11112,1111,111,11
8711,111121,11112,1111,111,11
8712,111121,11112,1111,111,11
8713,111121,11112,1111,111,11
8714,111121,11112,1111,111,11
8715,111121,11112,1111,111,11
8716,111121,11112,1111,111,11
8717,111121,11112,1111,111,11
8718,111121,11112,1111,111,11
8719,111121,11112,1111,111,11
8720,111121,11112,1111,111,11
8721,111121,11112,1111,111,11
8722,111121,11112,1111,111,11
8723,111121,,,,
8724,111121,11112,1111,111,11
8725,111132,11113,1111,111,11
8726,111121,11112,1111,111,11
8727,111121,11112,1111,111,11
8728,111121,11112,1111,111,11
8729,111121,11112,1111,111,11
8730,111121,11112,1111,111,11
8731,111121,11112,1111,111,11
8732,111121,11112,1111,111,11
8733,111121,11112,1111,111,11
8734,111121,11112,1111,111,11
8735,111121,11112,1111,111,11
8736,111121,,,,
8737,111121,11112,1111,111,11
8738,111121,11112,1111,111,11
8739,11113,1111,111,11,1
8740,111121,11112,1111,111,11
8741,111121,11112,1111,111,11
8742,111121,11112,1111,111,11
8743,111121,11112,1111,111,11
8744,111121,11112,1111,111,11
8745,111121,11112,1111,111,11
8746,111121,11112,1111,111,11
8747,111121,11112,1111,111,11
8748,111121,11112,1111,111,11
8749,111121,11112,1111,111,11
8750,111121,11112,1111,111,11
8751,111121,11112,1111,111,11
8752,111121,11112,1111,111,11
8753,111121,11112,1111,111,11
8754,111121,,,,
8755,111121,11112,1111,111,11
8756,111121,11112,1111,111,11
8757,111121,,,,
8758,111121,11112,1111,111,11
8759,111121,,,,
8760,111121,11112,1111,111,11
8761,111121,11112,1111,111,11
8762,111121,,,,
8763,111121,11112,1111,111,11
8764,111121,11112,1111,111,11
8765,111121,11112,1111,111,11
8766,111121,,,,
8767,111121,11112,1111,111,11
8768,111121,11112,1111,111,11
8769,111121,11112,1111,111,11
8770,111121,11112,1111,111,11
8771,111121,11112,1111,111,11
8772,111121,11112,1111,111,11
8773,111121,11112,1111,111,11
8774,54131,,,,
8775,53111,5311,531,53,5
8776,11222,1122,112,11,1
8777,61171,,,,
8778,43111,4311,431,43,4
8779,11121,1112,111,11,1
8780,32131,3213,321,32,3
8781,121311,12131,1213,121,12
8782,51111,,,,
8783,111121,,,,
8784,111121,11112,1111,111,11
8785,111121,11112,1111,111,11
8786,111121,11112,1111,111,11
8787,111121,11112,1111,111,11
8788,111121,11112,1111,111,11
8789,111121,11112,1111,111,11
8790,111121,11112,1111,111,11
8791,111121,11112,1111,111,11
8792,111121,11112,1111,111,11
8793,111121,11112,1111,111,11
8794,111121,11112,1111,111,11
8795,111121,,,,
8796,111121,11112,1111,111,11
8797,111121,11112,1111,111,11
8798,111121,11112,1111,111,11
8799,111121,,,,
8800,111121,11112,1111,111,11
8801,111121,11112,1111,111,11
8802,111121,11112,1111,111,11
8803,111121,11112,1111,111,11
8804,111121,11112,1111,111,11
8805,111121,11112,1111,111,11
8806,111121,11112,1111,111,11
8807,111121,11112,1111,111,11
8808,62311,6231,623,62,6
8809,111121,11112,1111,111,11
8810,93411,9341,934,93,9
8811,31251,3125,312,31,3
8812,111121,11112,1111,111,11
8813,111121,11112,1111,111,11
8814,111121,11112,1111,111,11
8815,105111,,,,
8816,111121,11112,1111,111,11
8817,111121,11112,1111,111,11
8818,111121,11112,1111,111,11
8819,31411,3141,314,31,3
8820,111121,11112,1111,111,11
8821,93411,,,,
8822,72111,7211,721,72,7
8823,61311,6131,613,61,6
8824,61151,6115,611,61,6
8825,72111,7211,721,72,7
8826,53311,5331,533,53,5
8827,111121,11112,1111,111,11
8828,111121,11112,1111,111,11
8829,111132,11113,1111,111,11
8830,72111,7211,721,72,7
8831,105111,,,,
8832,111121,11112,1111,111,11
8833,111121,11112,1111,111,11
8834,111121,11112,1111,111,11
8835,111121,11112,1111,111,11
8836,111121,11112,1111,111,11
8837,111121,11112,1111,111,11
8838,43211,,,,
8839,111121,11112,1111,111,11
8840,111121,11112,1111,111,11
8841,111121,11112,1111,111,11
8842,111121,11112,1111,111,11
8843,111121,11112,1111,111,11
8844,111121,,,,
8845,111121,,,,
8846,111121,11112,1111,111,11
8847,111121,11112,1111,111,11
8848,111121,11112,1111,111,11
8849,111121,11112,1111,111,11
8850,43211,4321,432,43,4
8851,111121,11112,1111,111,11
8852,111121,11112,1111,111,11
8853,111121,11112,1111,111,11
8854,111121,11112,1111,111,11
8855,111121,11112,1111,111,11
8856,111121,11112,1111,111,11
8857,111121,11112,1111,111,11
8858,94221,9422,942,94,9
8859,94121,9412,941,94,9
8860,61211,6121,612,61,6
8861,54121,5412,541,54,5
8862,31291,3129,312,31,3
8863,11821,1182,118,11,1
8864,72111,7211,721,72,7
8865,93211,9321,932,93,9
8866,95311,9531,953,95,9
8867,111121,11112,1111,111,11
8868,51111,5111,511,51,5
8869,11113,1111,111,11,1
8870,43211,4321,432,43,4
8871,72311,7231,723,72,7
8872,11721,1172,117,11,1
8873,111121,11112,1111,111,11
8874,72311,7231,723,72,7
8875,72311,7231,723,72,7
8876,111121,11112,1111,111,11
8877,11211,1121,112,11,1
8878,111121,11112,1111,111,11
8879,111132,11113,1111,111,11
8880,111121,11112,1111,111,11
